X,Y,Depth
487698.5672,4621610.522,1
461664.9414,4631190.02,2
462997.9982,4634606.013,2
472031.9746,4627967.572,3
463395.0651,4633863.396,3
466692.3955,4635883.495,3
471914.0943,4638944.256,4
474995.6514,4643929.062,4
466646.4648,4635821.533,4
467310.2147,4639950.97,5
470023.8245,4622359.987,5
461190.1139,4649759.179,5
471079.6164,4643419.863,5
465326.5599,4644062.938,5
466169.437,4628147.27,6
467151.3186,4640383.608,6
467188.2172,4623328.372,7
472467.568,4633206.37,7
476217.9546,4623693.444,7
465726.4123,4645849.705,8
480106.7965,4627105.595,8
461256.998,4649419.053,8
465275.4261,4633576.414,8
471105.1308,4632748.775,9
472641.7595,4636413.3,10
464277.48,4633211.618,10
471407.1353,4633117.281,10
472174.8803,4634996.168,10
486414.3206,4630976.711,10
472147.0976,4639560.661,10
465390.9579,4633606.94,10
471608.0212,4637280.039,11
465615.9447,4629652.124,12
490079.5546,4622581.617,12
465504.4397,4647577.316,12
465155.5005,4646870.64,12
463455.6197,4634017.416,13
468788.1429,4630106.082,14
472283.8821,4633361.41,15
480326.9041,4626177.92,15
462099.2278,4638989.764,15
461211.9552,4649512.567,15
468479.8105,4633438.282,16
464792.2953,4629199.813,16
493235.0798,4624057.891,17
461993.9902,4640872.295,18
463479.9699,4634233.798,18
473247.1194,4629237.504,18
473244.6651,4629247.506,18
473248.818,4629247.49,18
472961.1324,4635517.193,20
465504.1429,4647516.25,20
475059.5893,4633785.276,20
478035.7832,4621775.773,21
480409.3948,4628078.456,21
475119.0739,4639641.8,21
463023.2795,4626186.567,21
487902.0667,4624435.749,21
462998.2538,4625846.951,21
471499.8964,4633271.238,22
466581.127,4621851.196,22
464144.6067,4633366.616,22
470629.1234,4633479.065,23
472808.5529,4631848.303,23
463044.4465,4634760.103,23
464323.1787,4632224.342,23
475191.2459,4627244.217,23
488806.9728,4626962.313,24
488362.9699,4623694.45,24
476132.0738,4625605.595,24
463385.6836,4633814.591,25
463601.6536,4634006.676,25
465066.1644,4628643.327,25
485779.8157,4625086.932,25
466704.2442,4633446.355,26
462032.7762,4622274.697,27
460742.8003,4632622.875,27
469032.9217,4633498.033,27
471108.3798,4633550.384,27
460742.4335,4632556.259,28
470475.9409,4636576.28,28
473149.3867,4632399.929,28
492077.8133,4621561.033,29
460731.3723,4638679.633,30
493304.1545,4624151.087,30
460775.6737,4633014.629,30
467473.7295,4625238.953,30
461985.2006,4647903.965,30
470312.085,4636082.883,30
486889.7068,4626226.147,31
463020.2459,4634574.809,31
487764.3099,4624559.222,31
471260.568,4636911.707,32
481841.3982,4628673.1,33
475671.2785,4632793.908,34
485803.0853,4625086.886,34
489124.304,4623107.042,34
467677.5883,4639579.563,34
466878.7608,4636344.507,35
463294.5943,4634018.243,35
467355.114,4644669.546,35
463086.61,4633927.163,36
495012.379,4623223.748,36
462857.144,4634174.841,37
471080.8727,4643728.52,37
472971.1452,4632248.495,38
472601.7419,4624903.249,40
473256.5329,4635509.416,40
469696.226,4635462.606,40
460798.405,4632921.239,40
460776.6878,4633198.933,40
463224.5569,4633957.538,40
464392.859,4632378.324,40
467691.9913,4637636.482,41
487856.511,4624527.977,41
482818.0631,4622379.987,41
493096.4829,4624274.522,42
469318.5566,4630042.717,42
495265.6867,4621620.387,42
467293.7332,4629305.602,43
473747.6862,4642670.049,43
464377.5501,4647707.239,43
482666.0406,4622429.205,45
484831.0196,4624040.807,45
471631.5347,4625869.634,45
468156.3543,4633316.478,45
475066.3594,4644237.475,48
467333.4361,4639950.864,50
471388.7925,4640118.815,50
460831.1776,4632993.228,51
466737.8537,4635666.776,53
467751.8551,4630511.502,54
467902.8968,4633440.856,55
490060.2748,4632018.784,55
466727.777,4633508.421,56
465505.0621,4633514.233,57
473748.3319,4630240.438,58
472283.9825,4639356.943,60
464137.4705,4631947.701,60
499883.7355,4630183.266,60
475588.8494,4635630.944,60
491502.7929,4623258.144,60
470705.8981,4636605.308,60
489030.6131,4622182.351,62
484551.0383,4622560.335,62
467806.4765,4637635.963,63
481001.3896,4633887.98,65
465403.4966,4631571.722,65
469977.5814,4622236.941,65
484101.6448,4628329.08,65
465026.0741,4625035.118,66
464588.8139,4648538.918,67
476449.6448,4623878.09,67
486467.0068,4622402.129,68
475543.6253,4642509.312,70
460726.8065,4632582.992,70
460843.5575,4632828.836,70
472928.3853,4639125.743,70
487394.0286,4624313.39,70
462187.991,4634147.271,70
487484.3949,4623232.961,72
470218.8186,4635805.701,73
465501.2934,4646930.018,73
482458.3957,4626235.653,74
462626.8778,4625385.897,78
462325.0899,4625048.846,80
467182.14,4637175.822,80
484503.6145,4622159.639,81
480407.7377,4627474.479,84
472557.0288,4638325.538,85
489656.298,4623661.375,85
467012.4761,4635295.772,85
461072.1856,4628169.91,86
470683.3722,4636575.423,90
471281.4918,4642093.35,90
461228.079,4648371.066,93
472578.5649,4632064.577,95
475503.6845,4644390.284,95
486358.3338,4626010.643,96
479170.8394,4630654.442,100
494893.6785,4623463.644,100
464174.6163,4630250.995,100
487398.6521,4626934.682,100
493904.9535,4623996.226,100
460740.1032,4639059.31,101
464560.6257,4629046.63,101
471897.0937,4623030.751,103
471410.868,4635288.976,104
471087.1981,4622571,104
468464.4843,4635227.02,105
468621.8174,4639477.63,105
465620.3412,4647731.087,105
465415.8607,4643507.349,108
484240.8314,4628538.61,110
484120.4952,4628587.728,110
481867.3217,4629722.23,110
488746.2329,4632699.106,111
461077.016,4638024.875,112
460691.4404,4638658.758,112
472801.0277,4629874.266,112
483872.319,4629039.049,112
464015.6683,4648880.45,114
465155.7935,4648954.7,115
467616.349,4641430.708,115
483803.5886,4629131.356,115
489425.1728,4623630.626,117
467608.585,4644638.407,118
494666.0383,4623624.796,118
480764.5667,4631636.992,118
462346.0666,4624771.165,120
481596.9305,4632436.408,123
494250.5755,4623810.528,125
479849.0826,4625871.711,127
480390.2374,4629571.81,128
470594.463,4631918.154,128
476146.2561,4642979.137,130
490011.7507,4630568.853,130
470015.6518,4636824.687,131
475224.4633,4630111.92,131
489658.1275,4624925.943,131
489748.5634,4623661.242,132
462951.0414,4634514.102,134
487740.8274,4624436.024,135
488904.8053,4630570.489,137
472011.6165,4646222.967,138
483849.5437,4628884.775,140
477026.414,4638032.137,142
471785.9808,4641567.271,148
477188.3364,4638340.275,150
472208.7089,4637709.57,150
470900.0586,4621937.8,154
489102.7676,4624248.407,156
477645.768,4637135.28,160
461343.5987,4631499.306,165
472041.3925,4641997.056,168
477939.2561,4635191.38,168
493812.6925,4623996.305,170
494089.3985,4623902.81,170
483764.9947,4622377.775,178
479201.7947,4627027.124,191
472130.4322,4633179.923,192
469248.8287,4635440.097,198
467535.8447,4623727.593,212
472149.2651,4646037.005,215
472230.2069,4641303.493,300
425750.3165,4679294.833,6
425766.9078,4679347.097,5
424379.5282,4682643.992,2
420967.5599,4682687.752,96
428549.7255,4682618.808,43
424915.0183,4681533.927,17
424825.871,4685825.683,100
423966.3972,4683407.29,112
427968.1322,4683522.387,42
429087.944,4686018.802,5
421027.6412,4677436.898,25
421729.7069,4684079.674,64
427360.6236,4678806.05,30
421567.761,4681471.811,134
426625.5239,4677971.58,10
424927.7383,4682937.321,85
426708.1776,4677986.14,10
423071.5,4676966.958,120
423622.755,4676862.239,160
423679.0468,4676769.088,141
423596.9249,4677649.11,6
426731.7032,4678044.503,2
427196.4117,4682857.895,20
419983.1379,4682118.976,4
426386.7665,4684704.806,14
422522.9188,4685616.313,110
428686.5016,4676913.935,175
427417.4493,4677873.903,56
422401.088,4685778.066,80
424149.4073,4683389.886,118
421791.0383,4682391.649,40
429877.2885,4681627.591,23
426831.6878,4660057.186,82
420693.803,4650934.383,6
426232.277,4654128.756,24
426512.2385,4658058.627,1
426526.286,4653875.854,163
423439.4262,4668217.965,4
424890.4443,4669568.842,16
424706.5075,4657257.125,40
420761.787,4651047.752,6
427236.5512,4653846.929,18
428070.3163,4673138.477,25
425080.0276,4657367.289,45
421836.0215,4655206.162,186
424428.0606,4650976.874,130
424332.894,4650897.692,144
425038.9325,4657176.482,105
424826.9175,4658205.889,10
425532.8336,4651026.873,130
427166.5008,4655531.798,150
425260.7607,4655110.573,40
427679.2155,4650578.991,114
426263.4836,4652487.465,1
423516.351,4654321.048,190
423259.1372,4671471.132,98
426640.6174,4672604.169,53
424383.5529,4674926.107,134
427990.6814,4674320.695,10
429906.2309,4671195.179,92
428255.8613,4672667.724,20
428169.3808,4672733.382,29
426642.525,4672567.133,50
426662.3931,4672492.896,31
428809.0658,4674303.115,172
425920.5033,4674786.371,5
431172.9914,4671719.402,100
422971.0667,4673655.126,10
429932.5205,4674757.612,100
423172.8492,4669658.304,31
424224.1096,4675023.447,50
428915.7715,4672608.592,45
424761.1023,4675498.888,41
428437.4964,4669325.265,16
422386.1224,4668433.067,84
428141.7997,4672727.495,24
428328.019,4672546.69,5
429177.7275,4672886.65,31
425081.9163,4672685.359,12
429921.0443,4675676.936,64
426207.4095,4675690.238,94
431119.6705,4671192.462,145
428519.5821,4670857.471,22
427992.4261,4673370.618,16
438120.6349,4664409.474,38
445029.5226,4675323.642,1
445620.3041,4672567.717,10
438330.1613,4665265.123,50
451092.7015,4667370.466,232
450726.346,4667490.223,149
454801.8633,4666022.53,60
454357.5984,4666537.393,210
447508.6278,4669000.127,110
449230.6924,4671081.827,27
444881.0867,4670710.457,10
442348.9015,4666538.951,10
446086.3676,4663933.915,8
447989.4981,4670113.121,73
438123.7172,4664761.077,32
439156.81,4675646.506,30
448490.4766,4669918.207,55
447536.0678,4666520.057,40
442984.3797,4672172.166,15
455081.7093,4665992.983,40
446294.5791,4668059.27,5
454743.3536,4666204.882,80
438238.4727,4665543.527,70
445155.1885,4675270.225,3
448365.8656,4669505.808,90
444400.5447,4666204.786,5
444982.4953,4666949.739,60
446022.7186,4672111.207,124
443370.7238,4672872.306,10
440720.2611,4666660.405,70
436794.6072,4667860.427,64
443529.9969,4668423.243,5
441947.6399,4671603.84,30
441650.2338,4671973.35,12
440638.6232,4676574.619,12
437709.4049,4666982.461,105
447159.295,4664940.57,45
436411.2304,4665809.6,140
442348.7549,4669888.667,4
448101.8869,4665433.248,70
444902.7909,4665266.267,70
448490.6795,4669945.965,63
448520.9072,4670001.264,65
447702.3779,4664183.933,60
447080.2322,4664500.093,48
443500.6822,4663901.699,6
452625.4383,4664250.962,85
441775.3483,4676836.551,90
455493.7699,4665089.743,40
450221.68,4664918.306,100
443455.1931,4668537.967,6
441542.9429,4672310.448,7
450962.2216,4663454.216,110
450704.7848,4663745.939,230
452645.7113,4665219.315,30
438188.7701,4669300.862,35
448753.881,4665123.128,180
438188.7701,4669300.862,45
443421.2461,4668596.844,3
429145.8716,4656443.23,155
427804.1331,4656512.313,4
428720.0965,4656620.239,111
430114.2412,4651612.545,155
434223.0204,4651425.169,90
430608.8459,4657014.789,48
429784.1529,4655671.912,120
435998.935,4650927.742,60
427266.312,4656295.734,49
428996.7188,4656469.401,97
430764.9928,4656294.571,180
431738.4761,4655695.979,90
429238.2355,4659471.302,40
430542.3925,4654223.975,120
429715.93,4659679.368,130
431872.3591,4654797.105,10
432176.4338,4652456.16,5
433178.8258,4653877.824,70
430182.3003,4651516.256,50
433065.6071,4653820.288,85
430482.3184,4659341.748,65
431286.8493,4658902.053,36
431856.8602,4651990.388,50
433695.942,4653357.86,80
429364.3903,4656687.807,34
431910.9098,4656175.497,90
430444.353,4657583.952,6
435526.2376,4651311.409,75
466696.2257,4650892.869,70
427467.7983,4665170.995,15
437950.6623,4672223.976,33
432519.0676,4670487.978,10
432064.9002,4668114.157,50
434143.3853,4669025.963,40
437667.4459,4673910.622,30
432881.6142,4667122.371,60
428681.3114,4667342.498,176
438732.6097,4671945.693,92
427163.0042,4666337.019,55
437672.3856,4676279.493,15
430690.046,4667624.757,92
430926.471,4666925.329,4
437584.5391,4676712.107,25
438577.9746,4673412.18,15
434307.9781,4675597.583,13
435460.3562,4672770.731,90
428396.45,4667542.797,10
431318.3812,4668750.638,62
432369.8311,4669758.371,58
436312.2353,4676180.636,96
431739.486,4668635.504,30
428369.2563,4667577.003,10
435700.0771,4675914.766,30
431914.8197,4669682.554,8
432554.8318,4666551.765,12
431686.6611,4666498.429,12
436885.0183,4652008.596,18
432465.2908,4666549.538,5
432954.482,4665129.076,20
433276.9205,4659888.537,38
431653.2869,4663762.775,80
430102.9534,4664657.046,120
435465.4738,4655497.542,15
428310.5616,4664058.111,80
434204.484,4663519.54,42
433381.4642,4659767.256,38
434942.8796,4664653.961,90
433082.6298,4664116.14,14
436421.2003,4654403.173,136
435091.577,4665843.208,70
433461.9382,4665867.642,55
413730.2886,4692730.819,17
410692.9133,4684822.294,23
409157.6799,4692147.035,17
416317.7444,4693754.405,62
415619.269,4689684.651,47
418117.4459,4689068.886,130
416063.9294,4694707.576,32
418131.5892,4689300.08,140
416368.8301,4695539.914,30
416439.5421,4694952.949,46
414427.8904,4694604.013,5
409871.0144,4692656.075,11
414562.834,4689549.388,10
417009.5635,4694051.559,40
415213.6646,4689822.198,45
415849.1047,4690912.729,45
410145.8418,4686621.589,36
411763.828,4694214.494,23
412593.4517,4689786.545,72
409407.1549,4688799.77,14
412744.3024,4693443.312,12
418174.7632,4695142.193,4
418246.0195,4688910.06,113
417466.0141,4692815.316,62
418680.0947,4687075.735,1
418283.2317,4695424.728,114
418609.2862,4686694.045,15
416639.5369,4694660.587,22
415355.2726,4690937.192,55
412327.4086,4672120.049,0
420281.0346,4673441.389,110
416356.5831,4675124.923,48
420090.9827,4670232.392,148
414111.7257,4673791.59,35
418547.3382,4667887.2,16
417942.415,4671518.728,10
415809.083,4670177.373,60
410815.2282,4678225.358,36
410110.5556,4668082.247,84
413267.4757,4674508.356,7
419657.8396,4675299.293,20
412105.0362,4670475.554,132
418011.9769,4675913.634,80
416618.9769,4673662.73,103
411609.7509,4677801.956,4
411503.5502,4673549.355,90
411338.9032,4668483.138,47
418590.5546,4678957.706,38
417475.7336,4681589.664,24
414003.4753,4681622.081,90
416169.664,4678868.949,11
417702.3333,4679032.832,48
410648.9923,4682811.532,25
417979.5268,4682361.119,12
416917.3265,4678727.426,28
415925.3828,4684683.587,55
415107.8426,4682401.432,9
412225.6501,4682335.082,70
414936.4702,4680355.208,12
418497.6868,4676679.169,126
415171.0946,4683844.35,16
454566.4024,4656527.385,58
454210.8392,4656279.848,170
463356.5731,4657608.332,85
462493.3827,4652132.135,30
461726.7238,4668526.129,8
456428.2576,4663254.901,30
454527.1561,4651845.674,50
461627.9971,4652861.566,110
459444.5787,4666287.326,65
426767.2873,4688473.39,5
424660.3272,4692990.177,20
423661.0122,4694460.098,69
422265.475,4690884.811,60
424584.6061,4694662.923,80
428599.7732,4694485.042,100
425714.5284,4688891.655,8
422645.2111,4688813.827,71
426322.2842,4689893.934,60
420182.6387,4685963.376,89
426549.8261,4688466.413,120
421802.508,4690396.407,33
425339.4075,4692979.812,17
423276.9288,4692169.245,23
424199.0096,4691570.011,28
422654.3018,4687564.41,79
423807.0531,4694643.59,35
420614.6991,4688941.426,82
427487.0198,4690578.917,38
421832.5691,4694723.995,62
419273.5657,4688722.311,29
425717.6294,4686377.593,65
424924.2902,4690522.642,18
424459.6893,4691351.262,120
421865.1693,4686783.471,65
421466.3546,4690613.017,42
422471.0427,4695602.216,42
414243.0241,4666864.75,7
409963.5284,4665193.691,2
408501.5711,4660634.692,98
411737.3403,4666577.929,80
409045.8957,4663117.067,46
418985.0086,4666028.272,20
408808.0271,4663194.169,37
418117.8567,4667663.907,48
418869.504,4666165.324,200
414777.6277,4652165.945,86
415021.7109,4659464.398,6
413900.6289,4652873.678,30
418234.7126,4657726.877,4
412888.0673,4651519.549,18
416816.8964,4654427.421,80
415301.7804,4651755.574,108
418286.845,4654876.083,15
418244.0986,4650971.465,90
413769.8166,4650250.231,90
414620.6626,4654410.375,15
414762.742,4659140.54,12
408967.8822,4657056.535,30
417482.1038,4656850.325,7
417878.734,4659927.264,45
411047.1434,4656604.4,43
417223.4097,4654188.226,8
416466.6438,4654755.43,180
411958.1544,4653514.486,8
419454.8927,4657299.54,16
438916.7351,4650229.602,70
447565.7851,4652874.58,13
440063.0604,4651663.312,38
437503.1875,4662354.489,16
449427.8852,4662749.463,126
440241.0276,4657213.731,26
439101.4892,4657531.89,40
443816.88,4650213.757,10
443707.4027,4653807.907,50
446589.9017,4662810.452,57
439407.7345,4652495.502,105
440042.1674,4652456.177,8
444237.5251,4655719.107,130
445905.3893,4655280.523,50
445813.004,4654022.811,140
446122.8585,4655158.574,15
445147.8941,4655132.133,50
456674.9157,4654786.959,145
448501.3861,4650924.592,125
453957.3782,4656537.49,55
440092.0206,4655086.748,63
445161.4483,4655101.184,30
442386.7945,4657106.485,95
447214.961,4653629.764,68
444167.4625,4659365.403,80
444772.4139,4650906.397,50
448048.2843,4655949.198,130
440000.9518,4654378.106,125
442555.1787,4654915.198,10
440205.7564,4656575.555,110
438926.8603,4662854.055,8
438695.8263,4657927.117,75
437291.2396,4661245.961,130
440793.077,4650941.599,72
436090.3269,4661549.746,70
451320.0801,4659068.875,30
437238.4388,4661249.515,154
441262.367,4656212,138
442215.0346,4656056.106,5
440223.9066,4663339.554,10
438074.6434,4658635.78,150
445223.8116,4654841.615,80
448438.6805,4660939.919,42
448751.2682,4656527.014,165
440337.3623,4656645.386,80
438849.4507,4650430.668,64
440527.3414,4654361.328,46
447877.1081,4663593.522,18
452366.4986,4661942.523,80
447365.7346,4661219.254,58
448138.4629,4659156.267,12
464765.2031,4674598.746,200
449614.7576,4675067.227,20
457594.3539,4672346.62,40
461157.2598,4678420.764,50
461890.6705,4680147.085,25
458110.9988,4683990.196,100
462842.8232,4683892.597,98
470228.5379,4728717.905,95
470284.1043,4720987.757,16
466315.9876,4731533.587,4
471964.5361,4723747.593,38
468068.3512,4729887.347,5
467435.2753,4731167.324,18
448830.8567,4676029.061,50
442950.9701,4681897.835,5
447198.7799,4679986.154,3
451283.9623,4687325.414,7
450099.1889,4682589.825,25
433097.5099,4700514.289,75
435624.6487,4701335.72,19
434587.9227,4706225.348,71
430805.7717,4708964.126,45
432954.0159,4702459.025,65
429261.0688,4704685.669,30
436434.062,4681790.338,105
432539.7342,4683628.091,0
437092.64,4683206.391,37
435990.0065,4690344.866,71
435332.1068,4689206.518,43
436758.219,4688018.264,110
432970.0788,4691986.396,48
439854.0493,4679974.26,20
435199.916,4680589.383,20
440383.7819,4684889.582,12
437211.9535,4681696.97,90
439543.3551,4691226.319,101
435858.4424,4687218.277,30
430262.7952,4684924.308,40
435266.2653,4687775.867,26
434428.9485,4686824.337,172
436488.4926,4691330.487,45
437384.8421,4688231.642,25
441363.4333,4679659.215,60
433578.1997,4679879.655,153
441943.5778,4691057.94,84
430299.6791,4684489.007,20
468793.6125,4696309.146,253
462575.3531,4691679.083,15
457725.5096,4688023.863,1
458442.1169,4698867.642,50
466560.2458,4697155.36,95
459783.4901,4686987.717,80
462365.3961,4692611.71,100
429268.8536,4727158.386,46
430318.1369,4724241.821,45
427968.988,4721637.556,97
433219.4245,4722454.906,14
433556.0034,4729287.616,130
431917.8774,4723479.388,20
440179.1262,4700829.406,162
445043.2027,4708223.314,10
444182.5324,4703319.442,10
440264.2532,4700634.345,187
440980.6063,4709425.656,42
438847.1468,4708077.562,20
437029.8835,4707717.429,146
440335.2512,4707059.051,55
436824.9238,4703986.818,2
463481.9138,4714527.25,86
464566.4379,4711745.558,32
466910.7796,4712730.306,79
467907.562,4708863.836,60
466351.6203,4718732.408,15
467602.6256,4716854.14,43
468096.5283,4721188.719,32
458733.4577,4720608.865,11
456793.644,4718513.895,340
462114.0093,4711557.992,172
463377.8706,4704277.947,80
455431.4355,4711076.313,47
465358.618,4704129.02,200
455434.6768,4711582.162,83
458331.9633,4703374.759,161
456092.6068,4710319.475,57
461675.9111,4710684.384,120
461845.3003,4702046.824,50
454920.569,4711779.804,55
452263.5625,4711402.707,96
441357.1579,4730725.519,20
443823.3522,4729711.75,3
438557.7697,4729478.9,40
438419.9193,4721903.936,26
438578.0552,4723559.045,30
442129.6166,4730629.551,70
446551.2695,4691502.428,131
454660.8932,4699548.173,5
454381.9421,4694960.241,130
456105.0249,4698517.971,60
450505.9721,4700581.957,32
450313.956,4697671.51,60
447257.3725,4700204.757,10
454914.587,4699213.402,152
452400.0286,4699319.544,105
454777.3209,4699183.445,93
454466.4098,4687560.025,3
446130.2567,4689695.035,50
450489.3531,4693398.196,40
454372.3554,4698741.909,50
454622.7435,4690850.138,11
453230.0016,4689169.009,15
442926.5324,4712759.365,40
443438.4379,4716540.074,39
442943.4436,4717592.918,92
432713.9482,4716351.914,56
431823.9389,4717162.639,77
430630.1792,4716742.593,70
429425.0985,4711180.516,25
433270.1626,4718734.162,34
431624.0595,4712133.337,5
428493.4499,4720817.73,20
428907.9456,4717700.881,65
432561.6817,4720851.009,18
453285.244,4712419.853,3
446825.9202,4713095.519,10
445503.3239,4720623.096,30
453172.2382,4711214.539,19
451664.399,4701955.714,22
450979.8124,4705600.276,45
447864.3157,4707137.428,76
449197.815,4710375.657,80
448077.6695,4705451.645,26
459122.7324,4730986.308,16
459564.3041,4731443.322,10
462687.4368,4722773.432,60
464866.202,4724551.1,45
455811.1642,4726993.547,90
459460.6428,4724225.899,119
461133.6678,4730293.004,49
458153.1115,4728589.171,46
459056.4163,4727081.55,163
463091.701,4725149.486,21
459668.125,4728580.172,99
442482.0601,4697845.74,160
442665.0718,4693969.995,46
440659.7766,4697450.73,92
436863.9523,4699973.316,23
433448.4992,4694434.128,30
444092.5352,4697783.311,32
434137.0457,4698354.382,37
429365.5277,4699668.831,23
434903.3582,4699180.057,28
433982.2355,4693090.33,30
434329.2161,4697892.957,81
445752.9887,4692967.559,62
443095.8718,4695493.342,99
429018.1007,4698978.292,50
453699.2052,4725918.47,41
452679.8291,4728939.083,39
449493.2296,4722443.686,7
449872.6027,4726725.543,110
453610.118,4724170.07,17
420863.4645,4712053.127,28
421102.7389,4708817.474,5
424144.8261,4715144.592,30
424939.0426,4707621.331,25
427159.6449,4709818.797,12
411524.1838,4715830.652,20
410665.2811,4711787.955,24
408405.1293,4712668.821,20
411017.3811,4715772.341,54
407589.6529,4717884.086,20
410569.2767,4720445.737,65
407986.3232,4715142.379,25
422467.8227,4735545.179,24
421783.8668,4736765.294,20
421756.0392,4736515.725,28
425446.3801,4736064.571,42
424602.1001,4728669.903,24
421321.0793,4730449.442,84
423620.6897,4725089.826,54
425591.9619,4735233.151,22
422239.7062,4733857.182,20
423972.4841,4729966.292,20
424753.1679,4727079.529,7
419418.8737,4710200.278,32
416257.453,4710237.609,12
413859.5905,4712247.419,62
417206.6741,4711404.684,37
413651.6841,4706885.282,13
415718.5682,4708689.317,57
419277.4631,4710399.349,20
419941.1731,4706618.891,48
410752.7955,4724966.047,38
410650.424,4726559.259,38
407782.4436,4723468.587,24
412109.3761,4723153.209,50
407663.1723,4724087.193,157
409700.9359,4724609.474,29
412355.2053,4696881.655,125
407963.1041,4703030.934,5
412922.1817,4696340.881,10
408682.3656,4701451.23,13
408456.8744,4700281.899,59
412763.0521,4702080.782,27
408406.791,4696287.545,30
419230.3981,4696080.038,64
418583.8615,4699641.261,25
418007.9681,4699629.491,25
414278.2914,4698437.254,3
416269.4388,4702309.284,35
415747.7954,4702611.713,20
415972.9298,4702531.876,117
418560.855,4699431.76,12
409620.7712,4716706.626,64
414396.3762,4715831.679,8
413461.8094,4714735.755,109
417219.6154,4719758.523,15
414188.0135,4714464.526,110
419313.8679,4713536.259,8
419414.1719,4716089.394,28
415924.8158,4716682.965,95
423366.482,4718151.626,26
427461.0514,4720106.599,37
425087.6448,4713789.371,28
420395.621,4726125.669,152
418180.3127,4723560.124,75
419807.1955,4726021.401,7
421181.0116,4724339.76,24
417219.4795,4728131.141,7
412523.0282,4731193.772,84
415675.6565,4733449.857,45
415424.6008,4725931.642,92
417983.247,4730176.648,31
408920.9274,4706072.485,25
409321.7412,4705999.387,19
409703.5982,4707280.863,1
409799.7068,4707828.744,75
421450.5548,4703439.755,65
427035.4463,4698597.712,35
426805.1489,4700605.208,85
425192.4083,4704012.479,58
426991.0093,4698718.481,61
424832.134,4697269.956,165
421439.2027,4701012.132,50
428300.5765,4704525.821,30
428385.1255,4702310.101,54
519299.8942,4673839.944,87
510382.3538,4666937.112,26
510511.1081,4666776.923,45
522328.4223,4668815.367,106
518340.1137,4669988.215,36
519185.7535,4676180.602,68
521715.3156,4657784.237,17
515168.5569,4656712.377,34
516702.0191,4672982.041,8
520454.4041,4664701.465,140
514602.3418,4663792.509,10
518607.4805,4655560.929,48
513786.224,4661980.436,120
519573.0404,4661324.824,8
512736.0307,4661080.962,203
513635.1645,4671214.324,70
518866.3345,4653307.078,13
525238.2648,4657721.908,10
523057.7902,4656224.793,120
520073.4135,4664669.529,38
515188.9852,4666446.179,15
520591.4414,4664942.434,41
516757.343,4661268.238,19
521013.5972,4671180.038,24
512179.6978,4670678.082,1
516387.4891,4678070.361,56
514592.6654,4681730.548,5
525093.0663,4681038.493,52
521610.1815,4683025.552,116
518343.6559,4681813.37,77
524651.2645,4677705.863,11
523993.9871,4676926.343,14
522075.5921,4679921.089,11
507287.5074,4661520.45,2
505723.1666,4656217.303,34
500137.91,4663783.578,15
494773.9088,4656642.535,78
504090.9904,4644798.689,236
499609.6356,4660014.704,88
505814.7514,4662231.534,158
508484.2607,4653703.397,15
501875.9941,4663564.848,48
508885.8904,4648784.675,79
502306.574,4659808.429,33
510588.3885,4656549.832,69
509463.6268,4664079.835,28
501391.73,4650891.879,79
498509.7067,4651061.527,87
512876.4694,4652056.91,64
497850.3661,4661193.179,4
500425.146,4697630.528,13
517739.8549,4703149.446,139
508427.2129,4701133.286,20
512051.7946,4704950.927,17
508926.0859,4703909.863,90
515152.2239,4702495.617,42
510873.7691,4700717.192,27
514337.573,4705584.476,17
505458.5046,4695060.29,73
511028.211,4676560.95,26
506841.1473,4683587.799,2
503037.1692,4680920.293,24
513927.7385,4677509.885,21
510029.2007,4682832.893,116
507850.7305,4675461.771,95
506839.1344,4683304.042,20
499422.9184,4680123.915,71
511768.5768,4686055.617,10
512139.3969,4678080.246,48
500281.7496,4683877.479,3
503775.9657,4678499.491,60
503475.7231,4678705.982,16
509826.836,4678542.358,25
470601.4889,4662947.267,67
470794.5968,4656327.685,20
468006.6796,4655837.01,30
470181.2762,4653683.982,188
466692.5419,4658418.417,120
470419.5512,4663916.484,10
466221.4384,4659367.519,160
468292.387,4658552.939,30
537631.4339,4667177.907,21
539651.5598,4667892.202,32
497887.8949,4694281.221,19
484034.5944,4688210.615,6
483596.4029,4683791.784,45
489920.9482,4679791.851,19
490458.5155,4679235.929,13
489228.3002,4680733.588,10
483995.1021,4688950.947,13
491818.9836,4688764.716,67
496334.3078,4691616.989,44
486671.6277,4686468.625,40
483549.1939,4680254.192,95
496237.0387,4685084.445,41
491345.954,4689206.344,32
487419.0765,4680853.8,108
492399.1443,4683674.942,48
493785.8874,4693234.984,76
496526.2597,4686712.812,75
489417.6933,4687848.802,120
500055.2363,4666343.47,17
505342.0451,4667819.75,150
502325.4015,4665418.589,15
509342.5245,4672302.23,2
502488.058,4672817.709,110
496268.1131,4674631.799,1
504236.0808,4675369.222,45
504890.4505,4667174.82,80
497364.3918,4675985.292,15
501478.2064,4677252.587,20
500348.7304,4671996.869,68
504046.2286,4670687.221,35
504665.3665,4670928.174,3
507914.4971,4669709.717,37
496431.9087,4644829.249,20
490714.5415,4654407.591,91
493378.2401,4638712.588,41
482130.2812,4635274.675,90
477595.1643,4641622.264,105
496692.3239,4645427.441,96
489742.6545,4648456.524,160
484908.2394,4639709.338,68
523211.8447,4705404.814,3
527259.06,4700015.527,125
519338.3318,4704689.738,3
524881.4263,4699321.905,18
529583.1737,4698677.092,15
526473.324,4693979.392,55
525293.6754,4695242.713,102
528210.5412,4692342.199,3
525959.3508,4700633.626,4
526073.6685,4699378.691,15
525035.2373,4704837.42,48
519824.4643,4702303.761,40
514980.5084,4686709.453,47
514847.0815,4691354.185,15
520218.4708,4698714.639,42
521942.2109,4689599.322,40
518278.4855,4690992.182,85
522209.9191,4697499.266,48
513085.4702,4694145.096,93
522031.9764,4693057.182,14
517899.3595,4694359.329,26
521884.1408,4693537.881,27
511486.8142,4697356.197,30
524978.0273,4690180.101,17
520175.9584,4699195.683,50
516969.5166,4698835.533,31
511283.2904,4697454.565,73
529760.2678,4665992.95,52
469469.591,4675696.369,46
470667.9153,4675586.403,10
470554.6042,4680817.904,40
476495.6198,4679330.454,75
471839.3811,4671044.605,170
472031.8979,4679655.238,107
476767.9015,4677148.941,35
469447.4874,4675884.609,85
475698.5765,4675409.924,64
468262.0326,4679843.982,40
507457.0465,4685716.599,18
508942.6373,4694545.706,31
502044.1372,4693244.86,45
511585.1546,4691786.003,35
497789.9436,4688137.254,130
500137.3657,4691653.042,93
500151.1593,4688284.955,121
505672.795,4687297.182,122
503954.0923,4691712.76,20
502465.6646,4690854.632,86
507068.1876,4690018.827,80
509851.8274,4691727.83,19
504683.732,4684659.365,137
540746.2784,4666677.047,17
537455.5491,4667454.559,11
529046.527,4675427.915,16
538531.5066,4668774.278,75
536933.1954,4667726.308,21
537890.9616,4667567.92,29
540737.9395,4668120.467,15
533721.5816,4664147.862,17
527911.742,4666781.136,116
540783.2018,4667436.006,36
524938.8307,4674153.759,1
531917.4073,4674697.032,8
534395.4203,4664385.519,17
529035.6176,4668062.564,129
528366.955,4676831.59,7
533237.2161,4664620.544,17
527552.5225,4663559.755,1
540875.3995,4668158.274,30
533157.6265,4664947.104,55
527911.071,4671006.598,40
530499.5749,4672303.485,28
528524.6004,4662783.299,104
523323.9826,4660534.311,23
540495.2808,4669618.058,15
535100.6964,4669367.054,11
530064.5018,4665698.149,18
540692.4783,4666454.664,34
540705.5015,4666584.281,14
536900.1144,4667470.136,29
531489.6077,4667314.362,41
525926.0477,4663794.167,44
537382.9288,4669896.956,5
534175.8658,4672730.584,4
535185.009,4673155.024,1
532591.8904,4667152.818,70
528405.8194,4667190.233,10
540190.8758,4690710.48,70
535127.377,4683302.272,2
539566.8767,4679680.144,20
537780.6422,4690607.609,30
538096.8461,4680393.764,2
539106.1939,4679307.439,32
539786.3458,4682994.026,6
534816.4212,4685058.822,34
531510.1295,4678103.383,79
533302.2336,4678531.118,56
536941.6783,4677037.968,34
529393.7785,4681184.721,23
545229.8616,4686802.361,99
479008.9128,4683979.817,47
473543.1196,4683110.009,30
469711.021,4683310.565,5
478855.2059,4687669.15,10
477096.4118,4680910.724,20
479721.4306,4685741.96,0
480015.2653,4684439.527,7
478233.771,4685027.769,14
474776.8561,4680446.771,14
466576.6844,4683352.555,22
482484.7255,4677761.569,57
520174.5517,4685408.549,15
530029.3478,4683593.208,18
528658.0329,4686363.398,8
531885.4287,4690297.597,25
527633.3778,4689098.206,1
525493.1146,4685031.071,58
531150.219,4694109.699,6
533692.4714,4689343.724,23
480603.6857,4670351.903,45
476979.0728,4672349.088,50
477010.7069,4672907.239,12
473683.2076,4667290.08,210
473018.119,4665599.332,78
476905.8873,4673108.061,33
481376.7801,4662555.945,0
481523.1574,4662330.413,30
481585.4564,4665084.463,22
481239.2658,4673005.734,80
479802.8275,4672642.68,5
472866.5887,4668573.148,8
494063.2821,4675185.396,34
491179.6117,4667826.328,18
492741.9855,4678684.197,4
491752.0743,4666804.757,17
491181.941,4667854.083,30
492621.1953,4668358.243,49
489650.6018,4670416.08,77
490192.2717,4673949.855,30
484177.9555,4674651.684,68
491557.9813,4667622.306,24
483211.3495,4676905.448,37
483546.8559,4667485.32,84
495496.5956,4665468.991,63
489715.6022,4670946.475,82
491370.7811,4670284.225,107
490433.9705,4669600.734,30
491752.8967,4667507.959,17
487806.3352,4670382.02,28
485008.6947,4669681.124,56
483093.1988,4671603.866,80
495531.4273,4669722.111,0
483681.5322,4661217.865,44
484809.5386,4666683.67,110
491132.7271,4659724.173,115
481061.4086,4675078.845,8
488392.485,4678076.264,70
493455.3406,4677110.517,39
487627.3216,4670326.815,29
545468.012,4772906.243,2
546513.3796,4773073.704,165
546533.384,4773123.199,72
543531.5514,4774584.12,175
542519.5683,4772350.463,77
539416.9802,4763947.293,329
532002.8694,4773104.334,32
540186.6075,4760453.613,56
539078.5143,4765749.96,135
532415.3362,4765721.293,6
540659.2554,4763223.465,133
535026.2101,4760443.785,129
539608.9857,4759315.049,10
538126.3207,4764467.478,74
536995.0318,4765263.311,4
533805.0241,4768371.684,14
543203.0328,4767218.481,8
545602.2763,4764639.714,7
546941.5879,4763707.897,85
542612.0647,4769482.127,169
548232.0199,4766227.947,139
547918.9493,4766993.877,36
544470.2862,4765758.225,78
546328.204,4759696.521,21
546271.3577,4772766.655,26
547456.2443,4772373.758,69
548073.7547,4763314.728,20
548260.7124,4766329.95,145
523699.7511,4767739.966,182
528507.2073,4768594.304,85
525887.0195,4768327.837,59
524772.4438,4773814.591,108
520453.4837,4771677.954,122
524848.3935,4768468.964,104
544383.5133,4675137.837,90
542651.9412,4675651.471,89
542577.9773,4673479.62,13
542788.9931,4673468.562,11
542316.9589,4671127.759,50
541254.5929,4673934.395,69
545740.1227,4672037.458,68
544644.3049,4671607.866,35
548982.3537,4678388.499,90
546435.3967,4678926.406,2
546519.6366,4683501.182,82
544594.6748,4683038.356,19
548481.0746,4687262.09,23
494195.3521,4758616.925,50
496245.5698,4751304.882,10
498680.8117,4752355.841,77
500315.4881,4747324.705,3
498449.6281,4752540.967,78
499537.5397,4749894.197,0
517606.4157,4761539.78,40
511794.5235,4763125.171,3
513677.9844,4764088.018,41
516196.142,4760524.519,10
519764.3395,4755111.006,24
505298.2071,4772479.153,15
510668.3063,4772664.352,4
485065.1614,4764587.286,22
488609.1769,4767504.77,16
496754.8562,4763868.44,65
492709.0706,4770846.085,27
496633.0577,4769291.407,50
493972.3673,4760020.642,100
488560.888,4765681.786,76
488304.8122,4764118.274,76
486818.0112,4762951.876,40
483723.9486,4765824.232,40
486783.3518,4763757.05,83
493214.513,4763025.83,68
487773.0198,4766661.003,24
482959.1626,4763981.436,130
486556.673,4763572.409,50
486183.0451,4767953.445,20
487068.6025,4769784.038,38
489450.0675,4761284.665,334
484534.8109,4764218.3,112
485956.4462,4768848.477,24
485110.7422,4765774.801,68
483697.0049,4765910.669,20
492032.35,4766333.901,24
505518.2108,4760328.679,16
505455.8451,4759029.983,36
503459.3367,4761598.217,118
499089.6451,4758293.722,23
499723.8162,4757898.83,20
506139.3492,4756991.599,15
503379.8351,4762137.996,6
498218.0858,4760015.137,48
499660.5124,4760289.449,17
505441.8795,4765199.338,60
497398.7065,4766829.474,12
497376.097,4766860.33,17
497541.2363,4766872.607,3
501859.6633,4766699.674,280
498366.4594,4774442.269,7
502051.7888,4767230.298,260
504625.823,4764063.569,242
491986.5665,4758141.029,105
485556.5207,4756146.527,42
509797.6638,4757193.269,18
510531.2572,4758909.433,8
508050.7014,4763310.993,60
510189.5303,4763304.589,18
508421.7591,4761571.676,18
512573.1866,4769240.456,8
516421.6927,4772188.384,30
490277.8846,4771857.822,34
490322.9865,4773375.45,72
492782.7735,4772129.254,73
496175.9503,4772752.709,46
488759.5024,4773627.711,46
494179.5632,4766677.222,181
494978.3603,4773160.671,170
516746.7034,4750170.614,90
511383.01,4750591.483,200
515649.5861,4748986.612,55
517645.2603,4746415.777,21
514676.6523,4748959.788,24
518622.5577,4751659.159,55
501801.6643,4746334.775,80
503373.5944,4747189.802,28
508226.1445,4743421.424,97
505600.9909,4750451.697,85
488844.6012,4752324.677,45
488350.581,4748414.183,25
473870.5523,4733561.398,7
468189.9701,4743918.762,43
479245.9,4742402.106,30
473044.385,4741442.672,39
475619.5312,4736395.91,4
468226.8267,4744035.809,66
468014.6278,4743796.188,74
477854.3041,4743831.535,140
476847.4532,4735993.769,18
469254.2425,4741828.701,20
474580.0055,4737941.964,12
477516.0131,4739628.299,12
476571.3396,4735652.311,10
476879.7204,4736129.383,13
470698.9502,4744126.636,56
466501.0398,4742008.111,40
437751.2521,4767667.759,15
431956.5985,4751125.738,0
430206.6379,4746725.636,10
430165.5924,4746482.342,14
426713.1567,4759139.047,86
427690.9377,4751113.79,23
427552.99,4761659.85,79
431870.5271,4751135.846,4
431427.5472,4743548.22,38
428485.5043,4759240.634,58
430417.8338,4759267.012,46
428527.9895,4756145.917,40
426069.7432,4756816.75,75
428679.7018,4761793.016,28
431720.4538,4747213.286,10
431003.5884,4754901.995,60
426927.7786,4751640.147,2
428600.5556,4753973.317,26
427828.2644,4757698.841,85
426970.8099,4747579.836,17
430917.2376,4747890.741,170
430048.9195,4754630.928,14
428284.8217,4744345.305,22
427567.3487,4760234.407,72
427825.6628,4744285.32,16
428675.7487,4753574.571,45
429342.8589,4759574.176,7
428231.0817,4757006.652,27
429092.5008,4761643.731,19
427902.6889,4757451.256,15
427827.8504,4757874.692,114
426948.6909,4760197.787,20
430497.2142,4759500.667,52
426091.5966,4756952.256,41
428934.6657,4744187.403,98
428031.4071,4743555.116,16
429114.1968,4760239.818,25
426361.8264,4757007.964,178
429728.4774,4758968.632,3
428765.1046,4761949.464,58
429808.1953,4767177.087,65
426900.5613,4739248.093,94
427682.7533,4739535.998,65
432993.8822,4740972.332,37
428518.749,4739104.644,5
430728.6797,4737934.504,62
427751.2393,4739785.16,20
432642.1141,4732850.199,70
451754.0191,4745189.624,5
445854.069,4742969.275,78
446779.8675,4742616.562,117
450204.5443,4746835.593,17
453642.0471,4748196.622,80
443905.6706,4750138.582,33
448287.9929,4750847.642,31
453158.3671,4748789.091,2
444346.3852,4752189.505,80
444039.4737,4749859.855,19
452676.1797,4743980.167,101
440354.6826,4761665.917,98
439938.0248,4759593.403,12
434710.5914,4760995.533,60
434413.7851,4759795.229,29
431741.3994,4760484.612,5
432222.4459,4760809.929,5
433847.6533,4754636.441,70
440327.4484,4759059.394,18
433425.5581,4760181.13,4
439210.636,4761080.587,29
432371.4811,4756865.842,36
433080.7733,4756180.189,220
431312.0882,4761031.865,130
437539.9752,4736913.162,30
442614.0627,4736104.066,82
436235.2002,4738828.448,105
457121.8018,4738349.212,20
457848.2215,4741978.509,40
457910.4644,4742132.364,20
457964.4254,4742045.662,30
457769.0605,4742028.349,42
459219.8461,4742022.692,100
455941.3292,4743446.43,65
462532.109,4741130.915,14
461945.6138,4734424.986,93
454204.8184,4734561.443,155
458535.985,4734768.509,131
458250.9786,4737999.884,100
458620.3441,4736328.847,65
463810.0174,4735840.066,45
462457.0107,4738598.809,59
461948.5496,4734545.271,59
460078.0658,4743196.019,46
450180.9467,4738550.098,20
454296.2884,4737047.104,26
434505.1209,4769326.99,29
436102.7344,4770632.24,39
439976.4618,4773756.105,2
436323.8883,4767431.027,10
439430.9599,4763716.259,1
441495.0405,4762902.385,9
443812.5858,4762845.945,8
438470.7622,4767432.955,3
445471.0609,4765584.261,3
437587.5457,4767576.703,2
437883.352,4765525.585,16
443148.9278,4763887.958,4
443216.4169,4762474.507,32
438320.715,4765595.665,17
458617.1946,4744503.307,68
456305.4138,4742870.352,74
456050.173,4746271.35,20
456968.0327,4744278.981,1
461974.5393,4743373.451,18
456643.7317,4744682.031,12
454079.3087,4752864.033,8
456921.9452,4744168.22,1
459788.9223,4749262.255,44
463814.3462,4751346.742,39
455957.0442,4745901.776,15
461393.4365,4747420.732,10
457807.1157,4744162.737,30
456269.1119,4742873.667,87
454416.1684,4753068.469,10
442299.78,4745786.824,18
443140.5036,4748111.959,0
438374.5155,4752444.109,92
440632.2599,4750304.906,59
438463.0654,4745110.551,65
433497.6903,4751264.892,28
433804.0793,4752468.143,51
442230.342,4745895.376,18
437680.9346,4747462.095,147
434384.7217,4747267.558,12
444974.6534,4774176.69,99
445113.866,4774064.51,93
445271.642,4766677.913,2
444003.4702,4770667.75,60
425606.3471,4756500.917,32
445511.0173,4759515.959,10
445109.3231,4761107.882,7
445500.479,4760753.08,8
443962.3216,4760950.588,13
445075.312,4761101.985,10
444125.1699,4755649.43,20
445422.2965,4760034.925,47
450409.924,4757044.811,23
453176.7703,4762436.136,2
452813.0976,4763863.831,75
450022.9515,4757726.284,20
449729.1419,4759671.883,25
448050.7146,4761723.501,21
452628.7756,4763066.13,32
454698.5344,4764566.768,8
448045.0701,4761874.703,10
449144.0448,4760478.264,16
433714.0913,4764250.519,5
431466.3673,4765130.307,26
431466.3055,4765124.137,30
430804.8904,4765735.465,1
427806.7331,4763390.967,19
427454.9273,4762234.708,38
426540.3724,4769827.59,15
434361.8659,4768069.679,14
426634.7657,4769351.471,29
432145.8171,4763587.193,32
429059.3708,4762816.388,15
433388.4485,4772166.769,76
532090.3587,4745200.197,52
533145.8039,4747043.669,189
533564.2109,4749171.051,15
535011.4818,4745556.839,345
536284.6313,4743385.646,85
531368.0612,4743349.154,205
531546.0432,4745623.365,104
529802.1086,4747990.785,5
531952.4858,4749962.304,58
534624.685,4743053.208,195
529681.6553,4746466.437,10
528065.2111,4744479.303,4
533683.4018,4749841.014,15
535305.4218,4746206.126,23
533030.2535,4742755.417,160
549292.8683,4736886.726,81
548449.8459,4742063.109,180
548187.5777,4743202.626,233
548836.1997,4748087.299,17
548447.0197,4747301.012,10
548790.9845,4751578.958,15
524835.1933,4748995.156,100
521363.7811,4750134.064,25
523726.6527,4759978.881,35
521771.965,4758704.577,57
523492.6065,4754265.219,10
529065.348,4753237.763,30
526199.3911,4759987.893,9
521229.9417,4760399.462,15
525655.7964,4747289.269,25
543828.3886,4750774.304,123
548770.6306,4756992.655,56
542898.4032,4752270.711,9
543910.8054,4754550.59,9
542914.3107,4752264.641,11
546791.025,4758579.877,2
546617.1062,4753174.116,140
545195.7884,4752834.539,69
544653.3079,4755030.438,132
530982.6005,4754825.52,4
533738.813,4755637.465,11
540528.6585,4750075.401,2
536814.595,4757997.695,2
532056.0453,4756434.507,24
537534.3069,4756039.694,8
535825.3948,4758735.878,5
534759.6041,4758989.508,20
532469.0245,4755822.59,2
539285.8302,4751675.33,5
539234.7247,4751493.038,3
547112.0548,4740804.511,37
545443.6428,4739321.897,98
540463.1052,4747341.944,20
546143.8459,4745329.439,30
541979.7852,4741937.353,20
539861.8704,4746955.927,112
543119.0136,4739485.878,18
545204.1811,4751215.088,103
541829.2957,4748016.421,10
525174.7978,4762124.847,3
528051.6353,4761111.9,1
524838.6107,4761195.117,3
524867.0009,4761482.099,1
531517.9296,4761117.724,17
526748.6815,4763133.355,139
459934.3976,4762504.294,24
461013.2799,4762744.847,120
457852.5422,4759681.866,58
460939.3722,4755335.643,40
457817.1832,4758352.539,9
461623.5139,4756109.139,39
476982.916,4753375.223,50
479804.7698,4753347.832,56
478657.2895,4748786.009,132
468546.5738,4763261.333,15
470171.4821,4764253.516,22
463500.7415,4766519.247,47
468550.6994,4769566.587,68
469430.0194,4768988.824,85
468043.1597,4768384.385,65
473430.7298,4764955.74,14
473567.1398,4765121.787,35
468356.9865,4763866.82,23
465886.6053,4764979.957,55
473440.0444,4765023.568,105
469981.5364,4764803.433,20
473436.2619,4765214.837,78
470678.6359,4763779.356,28
470260.9936,4763500.446,21
470283.3582,4763438.654,6
464613.7047,4765624.975,3
468371.6646,4768993.643,36
471747.8404,4765110.553,46
473662.0551,4765090.574,36
467357.7246,4760293.198,18
467268.0511,4760481.796,60
471816.7283,4760958.207,48
466818.1953,4753614.259,54
470135.4514,4760663.029,71
467393.7188,4760243.67,8
470219.8302,4755066.975,70
467231.3479,4755645.104,133
466896.0713,4760350.939,64
471439.7631,4757973.755,12
466762.5277,4754755.874,56
472141.4357,4755058.902,150
470986.4244,4754150.618,75
470069.1313,4755844.978,20
472696.0426,4753773.439,51
465967.6144,4758057.353,42
467700.2359,4754649.6,73
476733.3768,4764650.656,20
479568.2691,4764481.194,64
475979.0183,4766994.582,30
479576.9039,4763583.515,58
479282.4763,4765009.542,20
477122.3835,4764587.649,16
480871.5841,4763622.959,97
480381.8162,4764882.911,26
479033.1287,4756730.952,52
480455.2157,4761267.418,92
479592.9314,4762127.482,58
478823.9327,4756481.735,85
475327.435,4761950.276,47
480901.1683,4761247.651,146
479262.5375,4754678.942,62
474325.2989,4760936.003,19
465709.1544,4753024.359,63
466973.8841,4752996.565,82
466415.7708,4751043.566,39
466450.5756,4752598.09,36
464867.2423,4753284.649,70
468405.873,4746943.829,64
459552.3137,4766794.426,62
452828.9847,4768133.164,38
456515.8801,4766011.012,4
459939.093,4763306.314,45
456583.3619,4765948.887,10
455980.4805,4767192.847,20
459110.2148,4768524.559,3
456408.2804,4763327.898,8
457161.1632,4767888.687,20
455730.8142,4767064.897,20
459786.6198,4772006.407,27
454046.0194,4768155.718,15
460420.9222,4766777.001,9
453399.1728,4766503.53,4
452605.9935,4767289.453,1
453351.6071,4767821.089,47
459402.7423,4772455.983,16
452958.7758,4771541.055,20
449387.5756,4771952.219,4
456619.3027,4773383.149,40
447885.9519,4773654.061,4
463158.9881,4766912.849,20
462495.7764,4771784.295,13
465841.0751,4773515.82,70
461680.3925,4771505.021,22
462601.9931,4773427.927,21
463043.4521,4766882.625,38
463632.2142,4771664.006,78
463682.1984,4766607.739,6
468456.0688,4769641.058,21
467606.6819,4770774.069,50
464981.1276,4773733.034,68
465221.556,4769912.804,15
471167.2341,4772294.325,23
416137.6296,4760284.605,3
415500.2371,4742324.642,18
417916.3903,4743473.917,16
424793.5586,4745379.017,265
420445.5062,4743077.113,87
415327.9441,4743455.9,34
414285.9824,4742373.581,16
413946.6443,4741930.472,15
426418.0488,4741076.433,2
416722.5453,4742377.627,104
426009.2205,4744242.905,489
420967.413,4737703.181,18
408599.1136,4750002.327,128
410013.5995,4755811.611,49
411983.6507,4747894.169,110
409294.7268,4752177.435,93
409410.304,4753718.516,35
407754.4718,4754835.832,5
409590.5933,4752087.147,34
408094.147,4749558.621,130
410283.3221,4759275.871,90
408858.3643,4753469.75,18
408630.0525,4753179.689,38
414316.6963,4748302.788,16
411269.4412,4752851.972,2
410370.8572,4757654.98,24
409284.242,4753100.052,132
409697.2382,4745529.718,34
408691.9377,4752207.021,24
409550.7257,4747506.157,102
409527.0497,4748465.962,12
409474.4976,4751709.196,16
411399.0067,4751822.932,3
411468.3583,4755089.254,50
410614.2057,4754942.984,31
410344.6892,4748532.379,22
408857.1164,4745164.402,58
409310.788,4746346.203,55
411294.1293,4752481.43,4
411510.629,4746752.561,228
408344.8776,4750838.722,180
407715.0784,4750048.081,239
408521.0477,4750953.611,120
413167.0533,4755169.354,98
411501.7119,4746765.016,234
409487.6988,4746337.702,75
412533.7391,4751536.891,32
409481.4833,4745520.212,35
410647.2935,4746677.337,14
409373.0169,4747107.423,126
408801.6458,4754149.253,24
409229.3358,4745505.023,65
422573.38,4765817.555,5
421575.345,4765612.971,40
417903.9771,4761778.014,42
419863.669,4755670.944,104
424382.7328,4763477.312,7
422975.4828,4763745.988,1
423760.4532,4760652.105,35
424602.7784,4763314.459,78
424944.0386,4764294.85,37
422613.9603,4764404.112,3
423302.6419,4763449.228,2
422385.555,4765418.619,4
422748.389,4764482.805,1
424960.1471,4764112.653,10
424887.4168,4762641.866,83
422898.1879,4768531.88,10
422123.0587,4764227.661,10
425246.5692,4765260.255,5
420340.48,4763538.605,2
424986.8797,4764899.058,5
421582.1281,4764033.307,20
423776.1467,4763687.659,54
422737.3855,4764310.163,2
420230.3592,4768843.261,2
418442.9049,4767284.757,10
423830.7352,4763304.499,12
415894.4156,4767210.749,28
415996.1695,4769597.45,16
408827.568,4758144.29,63
414884.9417,4750035.741,3
415098.0338,4759550.8,59
424292.3021,4759597.279,112
414433.6013,4759127.141,21
425851.2179,4757143.039,63
424760.6907,4754807.198,67
419714.0261,4759340.893,4
416424.5933,4751488.443,23
416102.5511,4757048.702,16
415917.1293,4757634.068,15
418192.1625,4759365.066,12
419798.9842,4758084.255,97
416364.0471,4752661.527,60
416361.4672,4752821.985,46
417882.4886,4753173.836,16
425781.8458,4756804.435,34
415326.9432,4752402.747,58
416670.8856,4751041.193,18
422544.8353,4751867.113,30
419824.6124,4758725.659,26
422976.6651,4756600.908,90
419893.4287,4750256.268,14
418284.3337,4750552.876,8
418183.5347,4749896.95,46
423489.1958,4753793.936,6
423488.4767,4753932.771,5
419522.032,4756492.498,76
419684.9424,4748136.173,39
425113.4769,4759298.257,56
418591.2746,4752912.415,10
416098.2893,4759106.554,12
416367.2803,4751809.993,12
418650.4065,4759041.841,33
415138.056,4759124.55,5
415263.2107,4758987.253,8
418591.6129,4757524.656,136
425694.4828,4756688.149,23
419438.7808,4758085.394,8
419953.9832,4755447.763,86
423501.6264,4753688.906,47
413958.6304,4757741.671,17
415967.2665,4757473.025,4
423502.8669,4759081.585,37
418160.1143,4750406.27,8
422628.2828,4759862.678,18
419332.0565,4758641.971,5
415818.1888,4757141.657,17
424353.2958,4759787.88,193
420289.5034,4757600.341,42
414718.9471,4756936.196,98
415265.3193,4759524.047,10
418128.1013,4759122.106,7
423582.7551,4749365.861,28
415906.1399,4758769.542,65
423644.5924,4756349.717,88
419507.2961,4759096.509,14
415944.4272,4757642.989,15
416699.9989,4750636.69,26
424941.5213,4753518.756,82
420073.7275,4755221.154,106
424239.199,4759915.629,38
424229.6204,4759459.144,38
418523.3988,4758457.175,46
421200.437,4751296.245,16
419752.7575,4757618.944,127
418298.7469,4750620.576,14
416720.3872,4746514.747,36
425487.1406,4746969.498,380
420028.366,4750742.138,12
417901.1897,4752652.229,22
411110.8671,4744968.325,4
410605.9825,4739295.115,190
408508.2843,4741118.196,8
408287.8343,4741278.47,55
408321.1713,4741052.809,63
408548.9648,4744181.232,64
409620.8016,4739875.625,90
411179.5128,4744658.924,21
491092.9746,4732687.972,35
486253.7999,4734287.536,30
483710.1574,4735132.07,5
489854.7426,4730117.174,72
488135.8382,4731693.025,133
484127.2098,4727718.928,75
483601.2738,4723707.191,184
488065.0916,4731542.004,57
477384.827,4703496.673,48
470411.3041,4701073.727,25
470253.7826,4703230.427,7
473895.8982,4705809.861,14
471832.3416,4707409.483,197
478962.5505,4704306.023,20
478374.1676,4700069.829,15
480482.4161,4700884.068,75
520895.2107,4737892.839,43
526455.3377,4740536.934,105
526619.9149,4735549.748,20
522649.6875,4743894.865,37
521792.33,4735801.177,33
521906.7423,4735551.688,28
522047.6118,4736270.846,28
522221.1555,4736006.128,140
505478.2935,4733637.524,5
523558.3853,4720319.436,28
523939.2977,4723451.533,27
475777.0717,4725580.853,151
480437.5082,4731090.533,135
482819.209,4729612.874,36
480351.7533,4724110.463,1
483420.4573,4735629.376,58
477411.9239,4723746.197,24
476243.3261,4726825.393,60
479039.7068,4727562.819,10
479399.8911,4728567.299,47
490567.2032,4738888.633,3
498044.5152,4738879.373,16
493877.5958,4737478.336,18
489554.4793,4742085.72,75
492681.6222,4738682.482,107
502637.2965,4720745.683,90
498032.1273,4719264.913,58
503098.0694,4719058.666,16
493591.0545,4724902.955,0
496785.8886,4723580.57,40
495121.3303,4716373.119,70
496803.202,4721634.25,84
502813.0545,4719749.466,120
494179.3305,4720766.132,190
502910.1948,4721652.63,13
498156.8478,4725723.797,20
496087.3106,4720033.771,24
502569.1662,4726374.858,150
488198.9976,4707294.657,170
491856.8973,4711419.468,23
493745.4934,4709366.366,103
485614.5486,4710979.249,54
491172.5808,4709464.772,175
485768.9152,4709516.906,12
492893.6161,4706110.037,88
491790.6678,4711336.266,23
488158.1109,4711424.783,132
490570.6409,4704595.264,15
509834.2269,4713904.633,51
505368.2842,4705368.222,17
515465.8961,4709306.713,256
509794.8586,4709484.572,30
515520.5183,4709362.355,213
515602.4292,4709455.071,42
509875.3293,4713855.34,22
508461.3506,4710627.147,20
514453.1817,4715843.579,70
510541.7905,4710306.123,30
509183.6955,4709369.614,60
515299.6949,4732899.666,145
507272.0891,4718158.034,32
506055.5382,4715550.495,38
507226.86,4724391.732,170
507484.9616,4725665.906,40
511579.8679,4733281.082,35
510225.2791,4736184.595,30
510639.6393,4732708.929,28
508436.0623,4727653.426,64
515835.4648,4731238.3,7
512864.5089,4734353.696,92
507537.0154,4728019.446,34
509016.9388,4721842.952,33
511419.1886,4723197.503,58
508828.4533,4719658.895,36
504160.9599,4709105.708,102
501478.1077,4710178.001,49
500383.0925,4714452.886,136
501107.8085,4715267.259,43
500301.4586,4704644.411,78
501025.7915,4715054.419,78
499795.0358,4715322.694,12
506676.713,4711846.642,4
496497.6892,4711825.813,30
497891.9681,4715270.575,57
501712.7033,4702220.28,68
500292.3255,4704709.183,148
500595.6623,4707596.209,60
499619.2926,4710720.714,158
500714.4165,4706532.097,87
503734.3815,4713361.985,10
481135.7329,4709364.448,19
471582.4394,4711586.885,97
478352.6633,4710785.231,15
477503.4702,4710538.084,90
472448.7451,4710374.281,70
471077.7376,4711410.065,34
485425.757,4712302.871,117
471618.0405,4709692.865,70
482500.2154,4711334.931,69
479074.0145,4711766.967,39
481311.1598,4709283.779,20
475310.197,4710113.696,29
482667.8964,4712734.855,12
474787.0802,4707373.482,61
479441.5165,4710350.103,112
483312.0007,4713214.455,128
478894.0876,4713340.591,6
468890.9672,4708390.53,56
475537.7612,4714502.107,136
480991.3265,4715780.527,70
478896.1052,4713254.22,9
476053.3226,4713960.525,10
483995.0484,4720732.808,80
493188.4759,4715899.74,10
489478.6687,4719087.543,26
485934.2667,4714578.154,20
488536.4418,4720958.234,34
493462.1744,4723391.671,18
487009.5381,4715482.892,100
491920.0584,4720620.341,90
483871.9661,4718728.173,4
490669.4718,4701689.627,131
490444.196,4703938.458,55
498007.4087,4704530.567,22
497658.463,4705418.983,4
495941.072,4703593.806,27
491363.0723,4697506.312,19
493159.8165,4698300.089,34
500274.2221,4700702.558,129
494110.8949,4704480.335,34
495918.5332,4704090.408,60
485054.314,4692156.329,10
483558.0095,4695706.707,56
484619.5028,4692003.053,60
485114.0167,4702994.719,10
483858.6538,4701183.881,39
477069.5431,4731705.461,16
489128.7972,4696297.274,62
482012.9572,4701907.062,20
487976.5003,4697344.764,41
488324.5429,4700508.75,55
488061.0853,4696030.676,460
482834.2804,4703459.536,18
481805.3079,4695828.257,102
508024.7348,4735092.837,20
495721.4509,4732415.2,36
503205.5379,4732923.567,138
498572.2323,4731578.113,50
502916.9468,4738016.034,50
499541.3164,4738505.878,49
506642.7251,4730637.291,145
506445.9465,4731932.609,17
505378.5948,4733230.286,18
508180.7003,4735805.552,20
507929.7706,4734670.143,28
508128.3776,4735854.843,20
478027.6156,4714734.377,17
479311.2269,4720202.326,52
478254.5427,4714412.876,41
480454.7147,4718644.422,80
478788.943,4714744.348,64
475347.3186,4719283.759,60
480186.2118,4721143.631,93
488141.482,4740265.016,98
485744.1932,4742845.195,15
481884.5015,4739174.338,59
496025.2339,4746671.909,66
501348.5822,4742768.879,80
497600.9116,4743423.098,196
496079.6867,4746674.963,40
499019.253,4741158.665,38
518356.142,4733354.373,30
519064.7879,4729448.159,20
518453.6089,4733459.508,60
525467.5861,4733130.166,48
524677.0417,4730425.208,60
518377.6914,4732089.76,20
517206.2622,4708428.648,185
506240.4921,4740384.106,156
512126.0166,4741999.019,190
511375.9836,4745242.739,51
515651.9102,4742977.778,23
511709.9316,4742359.197,92
505527.7597,4739985.588,140
472507.6193,4689387.586,100
475947.6426,4687882.095,33
474901.0313,4686982.048,50
469705.5861,4685762.66,57
470517.7016,4692726.826,35
476960.9617,4688480.139,110
471622.4301,4685464.71,41
478837.8084,4696286.933,43
478359.6444,4690946.252,97
473119.4572,4686078.767,60
472345.9303,4694202.957,98
470982.2253,4694464.489,25
482274.5008,4745092.682,145
511477.2076,4718401.219,9
520112.1749,4725148.193,98
515814.2963,4724578.748,150
511838.5568,4718910.765,4
519606.5243,4721266.42,20
516417.8983,4723432.713,90
517189.0023,4723681.344,2
517175.636,4725399.387,2
516912.0048,4722453.027,80
523090.0243,4715968.71,90
527296.5296,4718392.975,11
524943.5946,4710028.233,34
526369.8412,4720653.431,62
520384.9314,4707413.194,40
526545.2665,4717063.719,18
524048.4187,4711656.767,11
544701.0242,4702918.521,50
545984.1565,4702933.033,54
544662.5318,4706786.288,186
537909.3596,4701447.092,60
546581.121,4730297.488,70
545894.0311,4729990.595,48
547544.1139,4734125.978,201
545404.3379,4731480.343,7
546212.6179,4734045.991,80
541251.166,4734687.028,36
544756.3982,4732512.567,87
541732.739,4733980.449,6
549183.9388,4735911.175,50
543059.4744,4732643.678,100
545590.4778,4732218.807,24
545492.3662,4732616.084,18
541112.5335,4726271.291,35
546801.2495,4725323.407,27
544962.5706,4725625.858,69
544337.8426,4728290.049,121
542484.1809,4722652.055,194
546655.9085,4727639.005,44
540752.4447,4729066.92,3
541246.8613,4726642.245,30
544720.9628,4728147.536,290
543309.0021,4722919.353,59
541047.6291,4726471.406,8
544854.1578,4723740.44,118
537897.1111,4729587.41,27
537429.9843,4713717.779,10
538290.566,4715169.121,6
549149.6538,4706057.7,13
538812.1533,4713601.978,185
542872.3764,4713616.584,19
543701.0461,4715978.366,150
535996.0145,4698704.119,25
544447.0854,4692941.609,375
539768.7987,4694545.128,8
546227.8874,4701987.691,140
539509.4812,4695934.751,15
546544.8466,4701715.275,40
535397.3859,4697812.736,50
532202.7598,4700354.282,10
531866.3431,4705494.538,1
535074.8534,4701975.134,70
530832.3694,4697754.08,34
534174.0025,4698472.884,16
524880.9538,4705854.735,16
534538.9293,4719745.43,34
531693.8978,4722267.348,20
536316.9118,4719054.314,6
540397.9133,4722380.474,121
537581.6078,4722759.459,104
540601.4532,4721450.114,9
531887.6857,4722212.715,50
538209.32,4717093.439,120
539600.5761,4719263.523,7
540766.6735,4720460.928,106
536460.1611,4719104.418,2
531002.983,4719947.728,34
537926.5096,4724220.35,70
541790.3428,4721420.163,176
535107.1331,4731657.882,81
536215.1317,4728495.698,83
539384.913,4731936.962,25
538996.9652,4731783.615,140
537808.9939,4731974.43,102
531219.7782,4729449.165,94
540029.3569,4729806.094,8
535554.0721,4727872.264,170
530275.9389,4727868.747,31
532534.462,4725577.9,12
538229.3116,4729154.306,10
534096.8634,4731797.801,190
535932.2639,4726017.289,240
537801.9669,4725351.717,308
528369.5333,4731728.731,6
530802.7441,4735237.093,84
536476.0655,4739382.752,48
535138.881,4735695.822,7
533427.0021,4738182.79,132
530062.4237,4736674.345,161
530203.7134,4732942.582,261
533612.9361,4732652.953,100
532937.381,4738436.459,83
529253.4025,4740989.346,192
532784.4332,4740027.407,80
528714.7282,4736748.805,160
532779.2174,4732994.423,15
536600.7494,4735145.099,6
533209.4899,4738536.473,222
530868.3505,4738858.736,6
533047.1001,4732597.784,20
534015.221,4714128.977,40
533032.2819,4714701.041,105
530970.7114,4711856.881,3
526907.3352,4708875.788,3
527154.9244,4712655.239,18
527511.6805,4708924.417,2
526617.8741,4710000.507,21
527369.3477,4710311.871,48
534213.9666,4714506.265,105
532979.9076,4710845.147,95
506471.3936,4624461.06,19
508997.1482,4622585.629,0
510588.4277,4622467.531,25
502149.8537,4631073.694,120
503859.5291,4625834.644,50
510076.1103,4635293.312,98
509760.0265,4633809.436,3
508484.2989,4624688.299,4
507306.7207,4627126.459,40
511751.2635,4632933.483,2
510914.258,4631390.124,40
511761.4192,4633766.197,3
508972.8418,4625392.052,118
509598.8874,4635329.662,39
502460.3716,4626891.844,40
505906.6311,4634566.964,13
505971.7414,4628389.671,0
504672.1343,4625674.76,130
505956.3243,4630274.005,68
509959.6559,4631197.516,2
498894.7101,4627153.648,25
505860.3713,4637552.306,4
503819.8922,4630889.35,100
502801.1984,4622895.088,109
501230.949,4622900.813,45
505679.6252,4624321.606,3
505580.3835,4624278.352,0
496785.1435,4621519.797,30
498214.9933,4622268.709,110
534061.1311,4629183.936,30
525980.9438,4627361.188,40
526238.7323,4625033.66,5
535767.633,4627974.057,10
526100.5461,4628734.037,5
529389.8796,4627846.267,4
526035.2939,4623210.239,15
535839.8119,4623243.403,4
535806.9322,4625658.087,100
533936.9055,4624248.783,2
529473.9255,4624253.663,9
536003.0938,4625668.325,60
535739.0395,4625386.346,100
535725.8013,4625725.531,70
535790.0409,4625343.424,100
535333.4284,4625248.629,30
532126.2287,4626938.993,130
531761.8238,4628957.447,26
528724.3167,4626363.201,20
528786.2748,4626452.888,40
534726.637,4622799.97,3
503243.515,4635354.775,70
501445.9131,4633263.191,80
502725.3596,4634031.495,10
498800.4588,4629349.493,130
497589.7036,4637568.807,120
516038.7889,4634650.416,15
514543.6023,4623957.893,110
522682.7534,4621653.717,25
518102.8488,4628915.908,30
516358.4783,4630962.595,1
523278.2513,4622482.152,4
520277.1746,4626981.882,48
524392.4738,4629594.622,3
521090.8673,4624973.439,2
514690.4119,4624423.881,4
512368.9897,4631759.501,40
516526.9648,4631912.875,8
519793.9625,4625626.63,39
519189.7087,4636576.51,10
519221.834,4636629.026,5
514957.5249,4631366.616,20
523498.7101,4623562.287,84
523258.0931,4629381.118,160
515305.2749,4629461.407,40
520736.4787,4634906.182,120
523253.0368,4629516.8,151
521278.0425,4629559.984,40
516242.0538,4627387.913,40
516192.5964,4625790.268,41
523866.6659,4624007.609,0
523177.8106,4623545.82,20
525547.4624,4629833.053,45
523705.5827,4632879.939,45
524456.9729,4622880.842,5
539656.0944,4631698.65,44
536062.3385,4634038.941,64
532397.6274,4630197.031,8
532029.9603,4631931.727,10
537790.7851,4629841.123,45
528401.1807,4639676.002,126
528360.4793,4640061.357,25
528616.8351,4642190.446,18
532576.4923,4630432.238,80
536570.5772,4633396.944,138
529327.3826,4643568.877,17
532993.7919,4630483.502,8
522725.2724,4640904.677,237
522135.2485,4638056.175,56
522132.9058,4638068.504,56
509423.9667,4642083.578,220
522559.0964,4641009.008,260
517394.1826,4636615.075,130
513063.4014,4639190.279,198
515987.7309,4636855.421,237
513663.4114,4648255.628,146
514078.402,4646686.613,3
508081.6034,4641838.282,108
515083.0343,4637448.676,18
505035.8554,4640133.052,38
517813.971,4639249.932,84
510468.2913,4646045.042,221
514452.4058,4641589.313,130
524382.523,4637893.892,20
508413.9583,4639288.121,42
522129.1878,4644443.382,154
505117.5137,4641900.296,90
511321.0913,4645312.329,41
510841.6287,4641215.882,148
514095.5583,4641517.662,88
519283.1715,4639509.744,108
523882.5295,4637876.777,40
511772.4455,4638253.547,150
513549.538,4644020.9,10
408661.6434,4681455.094,16
408708.7113,4673785.562,56
409149.9059,4675097.072,56
408835.4361,4680548.972,50
407839.337,4673068.871,142
409866.4997,4672326.951,20
407739.1386,4689512.561,8
548415.8662,4635472.299,15
536311.0687,4661526.724,38
533104.0742,4657754.345,153
538417.4364,4661907.979,54
538375.193,4662074.301,36
539259.6565,4658717.284,78
536955.6029,4659494.442,4
537355.0416,4662161.362,24
530107.404,4658860.534,125
545251.2364,4655619.426,39
546000.5284,4661287.07,51
548439.0589,4651328.654,77
545983.407,4661447.344,140
547261.8515,4666384.581,140
547333.0089,4653689.925,68
547479.6924,4625800.133,7
543456.4671,4629160.933,31
549123.6572,4630107.525,29
545370.2103,4631908.509,5
540796.256,4622674.726,45
544986.1198,4634660.259,20
541474.2501,4624433.492,59
416049.3329,4632179.552,0
436928.1744,4625969.558,0
456223.3474,4641843.698,1
459508.7591,4641317.923,1
454932.9005,4628021.711,1
439011.4911,4647077.114,1
449076.8628,4637448.847,2
446305.1559,4622252.219,2
453847.3972,4634999.163,2
433853.0622,4624422.884,2
426363.2824,4632546.395,2
435991.4884,4624661.017,3
434958.0623,4627557.257,3
421413.9107,4643918.844,3
418159.8673,4631278.897,3
456269.495,4631528.611,3
418947.199,4627475.625,3
411681.3042,4633453.806,3
446019.0462,4631476.688,3
448249.0217,4626030.708,3
425327.9426,4621505.5,3
421261.7697,4626153.896,4
456205.3383,4643495.97,4
440416.3473,4628191.379,4
410177.4528,4624656.737,4
423069.684,4630884.475,4
453532.315,4632626.25,4
438632.1315,4626294.484,4
435952.3374,4624280.52,4
436674.8173,4632817.112,4
421386.0784,4645523.726,4
445960.6122,4635050.176,4
434677.0308,4626172.992,4
424190.1138,4625567.031,4
431480.7825,4627467.633,4
422437.164,4633893.86,4
440917.6827,4632749.601,4
430781.3737,4631515.015,4
453437.7691,4625255.551,4
432038.5208,4644796.412,4
428379.378,4635857.02,5
443502.4081,4633188.33,5
428194.8627,4640353.754,5
441307.2788,4646348.233,5
428364.2647,4627406.052,5
416082.6089,4632325.737,5
416357.9279,4632081.54,5
432122.7198,4642069.598,5
449298.1319,4621628.596,6
437561.9999,4623464.616,6
452863.0245,4629591.724,6
425186.7561,4621284.9,6
436639.0215,4626631.661,6
419368.1088,4622873.787,6
450220.4068,4627374.609,6
429623.0922,4637919.937,7
436024.437,4638514.645,7
443968.5604,4633557.724,7
425548.031,4633910.653,8
444331.1878,4626831.834,8
459508.7591,4641317.923,8
459508.7591,4641317.923,8
434752.6163,4629442.294,8
413132.8143,4632377.717,8
446426.5717,4629238.531,8
427026.7121,4636518.11,8
455566.8198,4622280.85,8
419869.2051,4635133.735,0
435027.7968,4625174.92,9
449487.3233,4631326.927,9
420676.5581,4647967.916,10
425560.2919,4633017.767,10
412167.264,4643960.51,10
433315.5939,4633619.446,10
420399.5255,4635571.958,10
455827.9731,4634646.853,10
415820.4065,4648602.414,10
455943.1454,4634615.052,10
412176.9493,4628728.293,10
431693.5243,4631897.072,10
439948.1418,4646236.348,10
429322.1363,4647198.077,10
425352.8224,4621977.15,10
454989.3352,4629593.542,11
435816.4811,4628587.669,11
444953.1528,4638608.756,11
421133.2533,4622639.799,11
419865.0304,4635131.561,0
457440.309,4634451.619,12
447779.53,4640653.794,12
437873.8844,4645946.622,12
420882.4671,4645775.835,12
445381.7746,4638142.441,12
445958.6744,4635013.55,12
436218.659,4629806.562,12
420583.5481,4623156.664,12
458779.8084,4638585.19,12
417958.6363,4639546.126,12
430575.399,4631853.46,12
432849.1245,4635566.977,12
420220.7994,4621569.504,12
413619.2681,4631610.046,13
436247.1977,4629932.888,13
423789.0988,4624282.138,13
453574.8061,4621399.716,14
426334.7708,4627611.02,14
424397.1644,4625890.181,14
459670.3067,4633236.194,14
415625.9952,4649044.466,14
425125.7081,4624508.967,14
433996.879,4637529.381,15
410986.6542,4644289.467,15
414396.6949,4638664.197,15
451937.7044,4632173.82,15
456438.2057,4637255.658,15
445949.7218,4636349.351,15
446540.9493,4644457.049,15
422197.4712,4622630.365,15
418106.7862,4638651.63,15
421303.247,4631798.73,15
420252.6739,4636837.259,15
441077.5344,4632501.782,15
425244.0123,4622625.636,15
455708.1682,4637669.868,15
450563.0302,4635566.364,16
419868.3502,4635131.524,16
459486.2479,4645512.832,16
450227.4444,4631599.304,16
447278.0065,4644482.63,16
456152.6439,4642479.238,16
415716.1066,4648889.041,16
431961.5127,4631873.413,16
455769.936,4636528.081,17
423877.9671,4625913.46,17
431119.0541,4647334.757,17
421122.7011,4622587.727,17
439441.8027,4632004.726,17
426508.0749,4635475.229,17
451503.9087,4628573.794,17
447553.5454,4644418.411,17
431599.5483,4639401.91,17
451638.4786,4624522.488,17
437165.6165,4631982.225,17
408670.5554,4632473.448,17
460273.4374,4635102.553,18
420516.1867,4648000.803,18
432949.6555,4641302.247,18
450084.2774,4644209.198,18
434339.3257,4626230.494,18
440681.4419,4645829.341,18
412769.2806,4622459.305,18
419618.2556,4622492.325,18
450662.1518,4635499.057,18
459998.0839,4621791.712,18
421663.3648,4637284.644,18
434844.5119,4646990.89,18
416788.7908,4622441.399,18
430502.2277,4622192.871,18
425082.7887,4621283.767,18
435629.5397,4646022.134,19
421609.0082,4625987.96,19
409304.1512,4622132.622,19
445846.7985,4638527.507,19
445616.6993,4634466.536,19
408737.4434,4639505.188,19
443914.535,4626680.758,19
410609.3207,4624025.036,20
437213.7318,4633768.363,20
434031.5627,4632042.727,20
452944.5131,4637904.113,20
446349.3889,4628142.113,20
456643.6664,4624772.392,20
439138.1317,4640383.833,20
422026.2538,4628274.144,20
429772.8123,4641487.258,20
409945.7506,4636652.55,20
448393.7012,4623624.731,20
459508.7591,4641317.923,20
411586.9299,4646225.298,20
441054.802,4632564.149,20
437181.6268,4632008.732,20
433840.0141,4632966.105,20
410256.5705,4637542.549,20
421571.611,4637316.745,20
439712.4613,4626591.739,20
432961.3173,4632758.901,20
431121.7906,4642830.961,20
423166.5886,4648372.475,20
410239.2313,4626993.445,20
458794.5902,4633395.534,21
432913.7494,4629200.627,21
433597.2631,4649007.82,21
447465.2879,4632451.858,21
455636.2881,4626105.375,21
437176.4788,4631989.901,21
408345.0989,4623285.273,22
411101.97,4623928.948,22
434001.357,4632995.7,22
443973.3908,4631213.769,22
457191.8008,4635224.772,22
448493.6035,4627910.923,22
452755.3145,4623223.743,22
459602.6115,4625672.152,23
430980.2216,4631982.776,23
444600.3121,4622851.466,23
418581.528,4642000.806,23
418166.5368,4632945.563,23
424350.0426,4633750.045,23
436914.0016,4623515.827,23
424053.0692,4644343.195,23
435874.3505,4622164.906,24
460548.1313,4633601.011,24
432986.8914,4632829.725,24
438442.2349,4638939.687,24
420760.7357,4645190.883,24
441427.9543,4621766.418,24
425548.031,4633910.653,24
451506.5794,4625907.929,24
420785.6629,4645344.955,24
418557.6487,4623624.719,24
432905.5936,4629305.077,24
433749.8598,4633896.319,24
441845.5518,4633825.666,24
449396.0207,4641259.455,24
444194.3562,4627079.394,24
452943.4796,4632470.227,25
434791.4372,4633142.77,25
460519.7676,4632676.29,25
417665.1821,4642357.817,25
422669.5796,4647316.302,25
420561.0553,4647938.116,25
423926.6358,4641979.355,25
424043.9279,4644341.072,25
433868.4443,4633614.295,25
425440.9921,4626443.288,25
411676.2508,4621824.226,25
417013.4759,4623888.985,25
421595.5149,4637377.555,25
412940.0808,4632099.125,26
412953.6233,4632120.059,26
429941.7238,4622271.622,26
454915.6476,4636194.792,26
447943.622,4644261.203,26
441419.1488,4645946.467,26
445287.3958,4622136.686,26
436398.9666,4629813.836,0
432511.9186,4625883.325,27
437784.103,4635676.506,28
414877.3731,4638411.913,28
428437.3182,4644004.53,28
454728.9894,4630320.217,28
460145.4343,4632692.807,28
460432.4114,4633540.586,28
460479.0686,4633571.416,28
446879.8642,4621939.263,28
432012.403,4625180.762,28
449014.7169,4623280.522,28
449108.5308,4623496.363,28
436405.9937,4631626.982,29
421596.8843,4637501.907,29
457376.1848,4627605.892,30
411551.962,4626699.46,30
422611.5686,4624782.249,30
439286.0713,4646920.418,30
441124.202,4638146.406,30
416957.4402,4642890.18,30
453667.3991,4625037.551,30
418722.9457,4630038.786,30
420713.6824,4632699.142,30
443551.6163,4630384.345,30
438464.2689,4631691.093,30
423640.2963,4623815.143,30
421304.2573,4621404.271,30
434352.091,4633486.574,30
413337.5474,4644475.83,30
443239.3094,4626409.62,30
420773.973,4644296.836,30
438012.9202,4635457.992,30
445879.678,4636195.546,30
409752.7572,4637795.441,30
443773.597,4638093.895,30
425313.6749,4629287.207,30
429725.3443,4632049.439,30
441485.7427,4626082.896,30
428211.6719,4621392.71,30
423027.8423,4622680.232,30
425945.1935,4627862.665,31
456048.2141,4636711.78,31
435090.9067,4633571.968,31
455591.9244,4626321.048,31
425944.8711,4627831.577,31
419081.0354,4647338.542,32
460195.6172,4632759.144,32
448193.484,4624674.31,32
418403.7297,4626309.219,32
435169.6235,4634650.526,32
410342.9456,4625920.564,33
416038.0439,4637561.964,33
453536.8319,4626303.029,33
466375.3827,4627249.193,33
442138.3824,4648984.084,34
436568.1517,4635943.724,34
437167.5119,4632008.856,34
408371.6146,4643304.4,34
421204.4702,4624951.967,35
420745.4487,4645900.622,35
420697.1099,4643649.201,35
444910.8207,4648015.984,35
437161.4357,4631978.93,35
450824.7328,4638010.599,35
431226.9423,4632251.323,35
436270.0512,4647580.885,36
430150.509,4649446.221,36
447252.9188,4644676.017,36
420301.7372,4633878.553,36
456103.7432,4642347.411,36
450972.1893,4632673.373,36
439665.3103,4627699.143,36
460199.2048,4632955.647,36
436393.9438,4629809.439,0
441151.646,4626786.26,37
430527.2852,4631517.485,37
424052.1572,4644335.432,37
414208.7347,4638419.941,37
425722.5556,4635043.658,37
419278.3446,4646472.37,38
455824.5705,4626720.422,38
444017.4418,4648923.481,38
451064.0728,4643253.044,39
455178.9741,4626724.444,39
428997.4623,4635418.891,40
420353.6112,4649976.994,40
440320.5756,4634020.369,40
446627.1709,4625179.924,40
445670.6601,4645110.987,40
450589.6188,4637364.906,40
419384.4608,4633666.785,40
451660.2479,4628598.27,40
420751.4456,4644358.161,40
419865.4384,4631105.186,40
411722.8827,4634933.523,40
437239.1672,4623528.511,40
408562.7377,4649193.075,40
423355.4268,4623453.984,40
459352.6649,4626144.331,40
450373.4375,4632770.782,40
419358.4575,4647396.459,40
426059.0749,4627707.141,40
420388.1597,4630389.781,40
425122.6376,4622071.717,40
444582.2802,4629420.272,40
455732.1498,4626689.906,40
432866.866,4630044.944,40
425920.3306,4627708.579,40
417512.5025,4639059.361,41
454782.195,4630852.826,41
412889.8008,4632061.984,42
451209.335,4640259.698,42
420052.123,4633384.993,42
458496.48,4621800.265,42
437190.5937,4631989.777,42
446073.7693,4636731.477,43
433712.2485,4624207.67,43
445787.6911,4645567.558,43
439356.8226,4632264.159,43
448208.019,4626679.428,44
455495.0153,4625704.326,44
420661.74,4646642.218,45
431285.5916,4638243.472,45
446765.5669,4648323.829,45
419981.0095,4649549.225,45
446741.0124,4621940.295,45
426390.2591,4626222.472,45
453126.4317,4623529.963,46
439878.3852,4633558.85,46
434603.5766,4633298.831,46
459106.7937,4623401.108,46
446039.7471,4633334.112,46
459237.0524,4622043.6,47
422366.7784,4623520.168,47
437824.8121,4648291.061,47
421189.2539,4648548.515,47
422266.1298,4622750.651,47
444932.9848,4627073.661,47
409209.2123,4627684.948,48
449150.2111,4643064.399,48
422913.6068,4622804.715,48
433874.6515,4624330.526,48
433432.6251,4627207.116,48
424499.7419,4637377.256,48
417497.7835,4634350.188,49
433783.1783,4641757.465,49
444644.4214,4633359.245,49
416250.8434,4623866.785,50
437376.3471,4631299.725,50
442935.6076,4645626.547,50
444099.8822,4629763.795,50
455424.9155,4640263.119,50
428011.9514,4629136.232,50
437648.6195,4622815.423,50
422348.6117,4636660.857,50
419043.8782,4635988.098,50
433267.6632,4633465.553,50
420841.3968,4644172.826,50
444473.743,4621433.464,50
412677.2339,4626223.676,50
420173.7315,4633938.838,50
456235.9064,4622245.638,50
455200.0572,4626508.914,50
441809.1699,4623243.368,50
437375.2872,4623218.643,50
415477.0755,4624801.979,50
423477.5312,4632360.252,50
425755.6227,4627370.512,50
425965.2557,4627553.77,50
432657.5663,4622551.997,50
424392.4563,4622851.111,50
426150.6513,4627644.012,51
437789.5641,4633640.064,51
440729.5956,4646137.621,51
438922.8545,4639459.636,51
448939.176,4635371.298,52
420952.2731,4627175.551,52
431847.6285,4634466.111,52
426382.5783,4627734.89,53
420033.277,4638877.348,53
447792.2531,4623566.919,54
434301.0511,4632992.931,54
431028.3413,4621478.262,54
425825.5599,4634094.306,55
450572.0645,4641405.52,55
445519.2343,4622227.073,55
443205.5314,4630414.849,56
421305.0587,4635872.813,56
444665.3742,4634026.394,56
446283.18,4634681.327,57
431888.0545,4624778.885,57
446949.3405,4637421.08,57
448366.4655,4628941.104,58
432701.1749,4622591.56,58
418820.5008,4628464.22,58
434900.8582,4626021.051,58
430149.8529,4649379.603,59
432590.6782,4647166.282,60
443407.3476,4626746.937,60
421298.5718,4625043.093,60
432756.9673,4647750.993,60
429752.4081,4639421.017,60
429784.8528,4640438.927,60
436796.7928,4628027.08,60
434578.6311,4633113.629,60
425178.8373,4627438.713,60
451134.9495,4636188.64,60
430382.9996,4637995.744,60
432977.8453,4634516.462,60
459780.8223,4624261.085,60
459233.1873,4621365.241,60
457182.6952,4622209.93,60
428793.8118,4633477.749,60
433583.1138,4632660.922,60
428213.6363,4630769.79,60
457182.6952,4622209.93,60
418839.2091,4626088.84,60
451964.975,4634618.552,61
436600.902,4627111.669,61
421688.807,4622725.858,61
451341.1138,4629186.682,61
445819.5987,4637460.678,61
435305.646,4644581.579,62
451402.7004,4628105.931,62
437938.3088,4621610.412,62
441054.3464,4629695.032,62
456100.7619,4626503.322,62
444044.8531,4637351.157,62
438891.0209,4646461.892,62
456906.5792,4622334.83,63
457852.4446,4626091.958,63
457257.5381,4634700.312,63
426403.6096,4627518.149,64
409231.6146,4648957.945,64
441623.8686,4623152.722,64
414781.1304,4632305.638,65
434958.8352,4646897.679,65
450555.1043,4634543.812,65
407977.4754,4630631.216,65
442708.7769,4625949.738,65
446269.0241,4623640.381,66
456815.595,4622550.774,66
434663.9793,4633186.131,67
445475.7196,4634483.158,68
451002.57,4623544.201,68
457141.9877,4634669.917,68
444531.1814,4634702.522,69
455462.0393,4631472.54,69
450816.2187,4640139.158,69
434589.739,4633147.949,69
450024.4172,4648656.547,69
432169.0517,4646399.683,70
428301.4345,4644093.622,70
417150.4068,4645571.879,70
427064.5352,4622176.017,70
433773.7239,4633337.583,70
409926.6457,4629619.15,70
455132.2907,4634096.044,70
425259.5663,4621885.963,70
437170.1714,4623529.116,70
441544.9333,4647333.389,70
435054.6333,4642238.745,70
435715.8691,4644114.826,70
453085.2431,4631302.356,70
410197.8406,4631034.89,70
423955.2914,4633867.507,70
457182.6952,4622209.93,70
410102.9473,4630820.657,70
428168.6081,4646451.248,71
432911.958,4642228.664,71
453034.6868,4630686.467,71
420301.4084,4636891.124,72
451169.0728,4629536.495,72
426220.8819,4627766.539,72
455214.9139,4621450.328,72
419120.5505,4630527.293,72
429668.9223,4640960.847,73
420261.7398,4637128.088,73
437614.1725,4624203.646,74
434930.5211,4628637.883,74
410588.3539,4634886.595,74
422822.6889,4625088.655,75
417204.5565,4648224.117,75
418145.2703,4627977.795,75
415132.9678,4624315.251,76
451017.1578,4628580.448,78
416225.6069,4627599.196,78
437958.5613,4647764.681,78
451319.3065,4635844.288,79
427133.833,4647204.66,79
447609.6059,4633222.472,79
436881.8792,4630132.661,80
459725.3908,4626666.276,80
420186.1711,4639121.035,80
448427.4433,4644226.585,80
438510.2047,4631721.786,80
430968.2287,4648354.461,80
432221.6052,4630144.314,80
417049.1019,4642858.017,80
421021.9802,4643862.116,80
436574.5694,4644847.73,80
457112.943,4622085.996,80
439611.8783,4628258.096,80
424095.3164,4636178.986,80
441282.3158,4626609.752,80
426393.6731,4631065.932,80
454628.3034,4645387.874,81
433782.0278,4634231.352,81
439198.785,4639426.183,82
433485.7583,4627202.179,82
438467.4211,4648068.935,83
443078.3153,4630188.245,84
440646.2646,4624064.576,84
413038.9797,4646360.609,84
455347.0056,4631534.326,85
411727.2685,4629719.912,85
457013.8044,4636397.22,85
456169.7273,4626502.899,85
445352.6806,4630232.643,86
416079.9651,4636824.138,86
436575.1147,4644908.796,86
437577.1776,4646226.819,86
451810.8575,4637233.289,86
437865.0099,4635532.564,87
425384.6061,4642785.608,88
422123.9843,4624509.946,88
422005.2983,4636911.121,88
420446.2285,4650037.029,90
417129.9946,4644532.737,90
425690.7949,4634465.472,90
420590.5942,4638191.528,90
424004.4103,4644908.92,90
424333.8607,4647743.644,90
445052.509,4636541.644,90
438082.9285,4646160.209,90
409890.6468,4630452.444,90
440360.5675,4623995.892,90
441439.7352,4639389.62,91
444332.8664,4627047.224,92
442287.6522,4631011.803,92
418792.0792,4646200.304,94
428332.8213,4622445.232,94
450700.692,4623165.442,95
434416.4458,4632991.869,95
448819.4861,4632571.917,95
454160.5593,4641352.611,95
457182.6952,4622209.93,95
432133.1387,4626778.532,96
434355.5055,4632955.788,96
444656.0604,4633361.376,96
417271.5165,4648068.983,96
457135.5776,4622116.948,97
429967.9399,4628592.678,97
451163.7397,4640383.257,98
435145.5309,4627340.144,98
421203.3674,4631402.307,99
447191.2258,4621315.185,99
449370.6264,4644096.552,100
450473.4477,4631869.619,100
420729.2779,4644451.685,100
421665.4049,4637470.061,100
429596.4168,4623599.675,100
421980.2212,4649280.434,100
457182.6952,4622209.93,100
433798.3251,4631873.892,101
434341.3714,4622289.846,101
420756.2639,4644790.066,102
460251.4428,4629964.221,103
439863.9487,4628101.631,103
438214.7912,4624159.568,103
450733.288,4638103.388,103
439511.4875,4647021.758,104
457204.8654,4622024.38,104
426974.8693,4624306.626,105
453435.8119,4628524.292,105
417616.6916,4638958.215,105
445930.3034,4633790.178,105
422856.7544,4649517.363,105
415153.7468,4647032.389,105
423961.078,4644964.904,106
454864.3357,4628083.21,107
453229.4898,4640743.553,108
451757.0004,4649332.967,108
450770.846,4623453.637,108
429095.5102,4645496.975,110
445838.3934,4633820.854,110
438134.6351,4641532.838,110
445300.6904,4634064.793,110
436860.0064,4623897.15,110
446044.2299,4621390.361,111
457182.6952,4622209.93,112
436027.4784,4642909.474,113
440188.6827,4625508.49,114
445169.1108,4621674.591,114
409012.9034,4621333.472,115
407875.5739,4638806.7,115
453936.4294,4627318.587,115
420924.4707,4643369.059,115
450572.2283,4644766.508,116
448197.2221,4647436.054,117
451613.5197,4628567.498,117
433324.3587,4622993.222,117
415168.3893,4649296.447,117
431976.7114,4624749.172,118
457134.6529,4621962.624,118
445515.735,4633854.403,120
430840.9711,4628152.234,120
445329.8088,4633640.422,120
420093.6429,4628788.532,120
422807.5022,4649178.106,120
435396.7882,4644395.316,121
428816.1352,4633385.364,122
450037.7855,4636406.104,122
431478.2744,4634469.653,122
429699.3214,4641519.075,125
438556.0238,4643754.363,125
430278.4948,4631042.451,126
438836.8891,4640169.897,127
416127.0348,4628757.413,129
433074.6839,4632541.315,130
413182.4614,4641076.381,130
433654.0261,4632875.673,130
447697.6315,4645975.166,130
434900.5945,4629000.131,130
415996.6078,4643395.622,130
419976.9893,4632830.628,131
433145.4448,4622887.188,132
452232.9831,4624554.02,133
417765.803,4641091.861,133
411595.4058,4630676.528,135
416843.9285,4639067.143,135
418469.0288,4646142.932,135
418928.1186,4650054.222,135
420277.6348,4636991.328,135
421917.7568,4622600.102,136
434439.0852,4633016.089,136
430817.409,4628121.372,138
451636.9891,4628598.428,140
433287.917,4640497.37,140
434789.2617,4628361.583,140
449389.9293,4643664.492,141
419951.7665,4634650.885,142
444566.7281,4649252.276,142
419561.9292,4648825.513,142
419284.6572,4647027.52,142
446036.8259,4627786.945,143
424112.9683,4635654.686,143
436139.0397,4634733.932,144
455422.7734,4625180.718,145
451870.8331,4649507.628,146
418411.5093,4630842.951,148
407855.8591,4621193.925,148
445699.7722,4633821.909,150
440860.9878,4625903.725,150
457745.8814,4627603.695,150
428821.9783,4633970.478,150
424571.4182,4644132.245,150
427760.9606,4631668.218,150
445999.9423,4634325.94,152
450338.5121,4637644.235,153
433174.8808,4631005.849,153
448859.4717,4634904.422,155
455355.1477,4625397.647,155
425552.463,4638304.461,158
446260.6444,4634774.765,160
454903.396,4641592.132,160
418202.0178,4639069.168,160
421650.2301,4642343.869,160
423196.758,4640507.015,160
414452.8091,4645048.634,164
416626.2405,4624902.856,164
418906.5482,4635954.126,165
420353.2621,4649945.905,165
436803.5689,4629074.079,167
432313.3384,4644670.534,167
447160.5124,4628630.157,167
413817.5873,4644206.81,168
445951.6082,4634300.769,168
457768.7755,4627541.383,170
426007.7706,4638287.499,170
439433.4133,4626316.515,170
429265.3689,4643744.177,170
440745.7658,4621324.574,172
433986.2429,4648256.894,173
421847.0829,4622372.133,175
436598.5288,4647530.197,178
450205.3669,4635094.747,178
450844.7639,4637547.454,180
411303.9431,4621644.5,180
418252.6114,4625231.628,180
445983.3266,4634652.504,182
433602.3151,4628745.603,185
435513.2146,4634369.817,185
441093.8708,4630357.578,185
428294.6482,4644406.825,189
433816.2021,4632905.256,190
431153.7895,4646131.857,190
431571.0023,4639280.042,192
431442.9502,4648355.41,196
430832.9482,4646289.321,200
424250.2929,4644258.918,200
440582.8622,4634017.068,202
423937.7635,4645187.239,205
443208.9958,4630850.073,207
428103.8316,4644390.987,208
445081.0293,4634320.749,209
444125.3338,4635870.439,214
448167.003,4635210.325,217
421691.7989,4644009.052,225
423982.1901,4645001.322,230
428097.5779,4630708.777,233
431848.2126,4634527.176,236
445340.0781,4634546.376,237
443268.3337,4635383.111,260
421306.8774,4642563.085,277
432158.5268,4635384.756,278
420329.5956,4623049.559,280
455969.8524,4638932.895,288
426136.623,4626287.271,290
