X,Y,Depth,Elevation
462997.9956,4634606.008,2,629.274719
463395.0624,4633863.391,3,632.117798
466692.3928,4635883.49,3,544.756104
466646.4622,4635821.529,4,537.386597
467310.212,4639950.966,5,563.784729
467151.316,4640383.604,6,588.694885
465275.4235,4633576.409,8,604.872986
465390.9552,4633606.935,10,605.49469
463455.6171,4634017.411,13,624.37854
462099.2252,4638989.759,15,421.03891
461993.9876,4640872.291,18,582.220032
463479.9672,4634233.794,18,618.972595
463044.4438,4634760.098,23,626.421753
464323.1761,4632224.337,23,627.558899
463385.6809,4633814.586,25,634.118286
463601.6509,4634006.671,25,626.473511
460742.7977,4632622.87,27,606.790527
460742.4309,4632556.255,28,609.020386
460731.3696,4638679.629,30,397.546631
460775.6711,4633014.624,30,604.183716
463020.2432,4634574.804,31,626.661865
467677.5857,4639579.558,34,565.752747
466878.7582,4636344.502,35,579.029236
463294.5916,4634018.239,35,620.821655
463086.6074,4633927.158,36,625.740723
462857.1413,4634174.836,37,629.901367
460798.4024,4632921.234,40,604.903259
460776.6851,4633198.928,40,605.98645
463224.5542,4633957.533,40,624.132935
464392.8563,4632378.319,40,636.097412
467333.4334,4639950.859,50,562.858276
460831.175,4632993.223,51,608.349609
466737.851,4635666.771,53,537.060852
465505.0595,4633514.228,57,613.56543
460726.8039,4632582.988,70,609.053101
460843.5549,4632828.831,70,605.46936
462187.9884,4634147.267,70,610.74054
467182.1374,4637175.817,80,556.748779
467012.4735,4635295.767,85,538.615234
460740.1005,4639059.306,101,394.386566
461077.0133,4638024.87,112,443.120636
460691.4377,4638658.753,112,397.103607
462951.0388,4634514.098,134,630.905762
445029.52,4675323.637,1,491.794434
445620.3014,4672567.712,10,405.723206
451092.6989,4667370.461,232,290.633026
450726.3433,4667490.218,149,284.98056
454801.8607,4666022.525,60,507.318176
454357.5958,4666537.388,210,476.848267
447508.6251,4669000.122,110,372.085876
449230.6898,4671081.823,27,293.940826
444881.084,4670710.453,10,453.678864
442348.8988,4666538.946,10,462.104034
446086.365,4663933.911,8,290.432678
447989.4954,4670113.116,73,318.973083
448490.4739,4669918.202,55,298.548309
447536.0651,4666520.052,40,413.710968
442984.3771,4672172.161,15,475.006531
455081.7066,4665992.978,40,537.488525
446294.5764,4668059.265,5,439.529388
454743.351,4666204.877,80,495.768036
445155.1858,4675270.221,3,462.018616
448365.863,4669505.803,90,324.322266
444400.5421,4666204.782,5,433.465149
444982.4927,4666949.734,60,457.855255
446022.7159,4672111.202,124,368.876495
443370.7211,4672872.301,10,479.070282
440720.2584,4666660.401,70,431.992676
443529.9943,4668423.238,5,453.984375
441947.6372,4671603.835,30,496.724579
441650.2312,4671973.345,12,510.380188
447159.2923,4664940.565,45,333.515381
442348.7523,4669888.663,4,475.123566
448101.8843,4665433.243,70,342.78479
444902.7882,4665266.262,70,411.372406
448490.6768,4669945.961,63,298.915466
448520.9045,4670001.259,65,299.310364
447702.3752,4664183.928,60,286.151001
447080.2296,4664500.089,48,303.579498
443500.6795,4663901.695,6,383.257111
452625.4357,4664250.957,85,412.616272
455493.7672,4665089.738,40,507.742859
450221.6774,4664918.302,100,289.8302
443455.1905,4668537.962,6,457.057159
441542.9402,4672310.443,7,530.354309
450962.2189,4663454.211,110,300.610046
450704.7822,4663745.934,230,302.581604
452645.7087,4665219.311,30,463.063629
448753.8784,4665123.123,180,354.242889
443421.2435,4668596.839,3,459.624146
434223.0177,4651425.165,90,290.810242
435998.9324,4650927.737,60,263.12027
431856.8576,4651990.383,50,409.216156
435526.2349,4651311.404,75,263.976746
436885.0157,4652008.591,18,413.023651
436421.1977,4654403.168,136,436.017548
454527.1534,4651845.67,50,483.644867
438916.7324,4650229.597,70,407.148621
447565.7824,4652874.575,13,307.820068
440063.0577,4651663.307,38,384.993866
449427.8825,4662749.459,126,301.714172
440241.0249,4657213.726,26,505.473724
439101.4865,4657531.886,40,489.000122
443816.8774,4650213.752,10,429.026459
443707.4,4653807.902,50,448.725037
446589.899,4662810.448,57,293.130402
439407.7318,4652495.498,105,343.99646
440042.1647,4652456.172,8,428.910553
444237.5224,4655719.103,130,502.203094
445905.3867,4655280.518,50,461.92627
445813.0014,4654022.806,140,425.292389
446122.8558,4655158.57,15,467.093231
445147.8915,4655132.128,50,460.834259
448501.3834,4650924.587,125,296.202026
440092.0179,4655086.743,63,414.844299
445161.4457,4655101.18,30,457.479431
442386.7919,4657106.48,95,527.215698
447214.9584,4653629.759,68,405.702148
444167.4599,4659365.399,80,360.39975
444772.4112,4650906.392,50,496.510773
448048.2817,4655949.193,130,306.793182
440000.9492,4654378.101,125,384.377991
442555.176,4654915.194,10,511.974579
440205.7538,4656575.551,110,483.962372
438926.8576,4662854.051,8,549.823975
438695.8236,4657927.112,75,480.206818
440793.0743,4650941.595,72,395.371246
451320.0775,4659068.87,30,382.724976
441262.3643,4656211.995,138,511.966522
442215.0319,4656056.102,5,566.171021
440223.9039,4663339.549,10,474.535156
438074.6407,4658635.775,150,480.763123
445223.809,4654841.61,80,451.84024
448438.6778,4660939.914,42,337.720856
448751.2656,4656527.009,165,286.554718
440337.3596,4656645.381,80,485.927338
438849.448,4650430.663,64,415.696228
440527.3388,4654361.323,46,422.742249
447877.1054,4663593.517,18,349.374908
452366.496,4661942.518,80,502.623718
447365.7319,4661219.25,58,285.136841
448138.4602,4659156.262,12,333.817535
464765.2005,4674598.741,200,515.565979
449614.7549,4675067.223,20,424.271881
457594.3513,4672346.616,40,408.505432
461157.2571,4678420.759,50,300.588837
461890.6679,4680147.08,25,307.292023
458110.9961,4683990.191,100,408.676788
462842.8205,4683892.592,98,315.273865
470228.5352,4728717.9,95,430.986267
470284.1017,4720987.752,16,443.293884
471964.5335,4723747.588,38,413.533295
468068.3486,4729887.342,5,501.168396
467435.2726,4731167.319,18,521.21814
448830.8541,4676029.057,50,371.217499
447198.7773,4679986.149,3,422.461731
451283.9597,4687325.41,7,497.619263
450099.1863,4682589.82,25,484.618195
468793.6099,4696309.141,253,310.40863
462575.3504,4691679.079,15,456.589783
457725.5069,4688023.858,1,479.770996
466560.2432,4697155.355,95,465.078888
459783.4874,4686987.713,80,432.02417
462365.3934,4692611.705,100,489.787292
463481.9112,4714527.246,86,542.208496
464566.4353,4711745.553,32,481.933594
466910.777,4712730.302,79,391.895691
467907.5594,4708863.832,60,326.221313
466351.6177,4718732.404,15,494.929596
467602.623,4716854.135,43,406.560242
468096.5256,4721188.714,32,471.8815
463377.868,4704277.942,80,445.358459
465358.6154,4704129.016,200,423.540527
461845.2976,4702046.819,50,502.305298
454466.4071,4687560.02,3,497.403137
453229.9989,4689169.004,15,502.984711
500425.1434,4697630.524,13,512.208252
517739.8522,4703149.441,139,549.383179
508427.2103,4701133.281,20,386.203918
512051.792,4704950.922,17,565.679932
508926.0833,4703909.858,90,544.636536
515152.2213,4702495.612,42,400.379669
510873.7665,4700717.188,27,501.783722
514337.5704,4705584.471,17,578.86499
505458.502,4695060.285,73,632.300415
497887.8923,4694281.216,19,540.202759
484034.5918,4688210.61,6,547.981995
483596.4003,4683791.78,45,518.964661
489228.2975,4680733.583,10,606.400146
483995.0995,4688950.942,13,566.889832
491818.981,4688764.712,67,441.256378
496334.3052,4691616.984,44,592.988403
486671.6251,4686468.62,40,458.461365
483549.1913,4680254.187,95,564.278381
496237.0361,4685084.44,41,599.251343
491345.9514,4689206.339,32,440.223938
487419.0739,4680853.795,108,612.687744
492399.1417,4683674.938,48,583.679016
493785.8848,4693234.98,76,406.334198
496526.2571,4686712.807,75,510.595886
489417.6907,4687848.798,120,446.542053
523211.8421,4705404.81,3,630.917542
527259.0574,4700015.522,125,578.692261
519338.3292,4704689.733,3,608.420471
524881.4236,4699321.901,18,561.288391
529583.1711,4698677.087,15,651.241272
525959.3482,4700633.622,4,640.030762
526073.6659,4699378.687,15,553.426392
525035.2347,4704837.415,48,598.113464
519824.4617,4702303.756,40,540.549255
520218.4682,4698714.635,42,468.977875
522209.9165,4697499.261,48,493.552185
513085.4676,4694145.091,93,563.58728
511486.8116,4697356.192,30,534.223938
520175.9558,4699195.678,50,446.175812
516969.514,4698835.528,31,588.94989
511283.2878,4697454.561,73,529.436401
469469.5884,4675696.364,46,416.459106
470667.9126,4675586.398,10,534.92511
470554.6015,4680817.899,40,528.756531
476495.6172,4679330.449,75,571.714844
472031.8953,4679655.234,107,500.071045
469447.4848,4675884.604,85,419.299072
468262.0299,4679843.978,40,495.013794
502044.1345,4693244.855,45,511.627197
497789.9409,4688137.249,130,495.447266
500137.3631,4691653.037,93,478.499054
500151.1566,4688284.95,121,533.446106
503954.0897,4691712.755,20,668.268127
502465.6619,4690854.627,86,545.857544
479008.9102,4683979.812,47,540.676025
473543.117,4683110.005,30,359.001953
469711.0184,4683310.561,5,471.850739
478855.2033,4687669.145,10,350.718536
477096.4092,4680910.72,20,560.141296
479721.4279,4685741.955,0,585.786377
480015.2627,4684439.523,7,542.916687
478233.7684,4685027.764,14,561.011292
474776.8535,4680446.766,14,566.073425
466576.6817,4683352.55,22,310.639069
482484.7229,4677761.564,57,650.155396
496245.5671,4751304.877,10,476.184326
498680.8091,4752355.836,77,474.820831
500315.4855,4747324.7,3,455.297028
498449.6255,4752540.963,78,475.484619
499537.5371,4749894.193,0,459.604034
485556.5181,4756146.523,42,398.136505
517645.2577,4746415.772,21,449.823761
501801.6616,4746334.77,80,416.377289
503373.5917,4747189.797,28,444.708984
508226.1418,4743421.419,97,440.040131
505600.9882,4750451.692,85,457.261658
488844.5986,4752324.672,45,402.680206
488350.5783,4748414.178,25,379.118835
473870.5497,4733561.394,7,419.856018
479245.8974,4742402.101,30,372.023224
473044.3823,4741442.667,39,464.300873
475619.5286,4736395.906,4,470.24762
477854.3015,4743831.531,140,451.062347
476847.4506,4735993.764,18,413.682739
469254.2399,4741828.696,20,485.997711
474580.0028,4737941.959,12,518.436157
477516.0105,4739628.294,12,489.082428
476571.337,4735652.306,10,422.76181
476879.7178,4736129.378,13,411.827026
476982.9133,4753375.218,50,463.433594
479804.7671,4753347.827,56,389.146271
478657.2868,4748786.004,132,446.056396
491092.972,4732687.967,35,495.133942
486253.7973,4734287.531,30,395.571686
483710.1547,4735132.066,5,511.628845
489854.74,4730117.169,72,465.975739
488135.8356,4731693.02,133,515.024536
484127.2072,4727718.923,75,380.943115
483601.2711,4723707.186,184,533.419189
488065.089,4731541.999,57,499.914764
477384.8243,4703496.669,48,410.223877
470411.3014,4701073.722,25,418.160339
470253.78,4703230.422,7,504.238708
473895.8955,4705809.857,14,456.400269
471832.339,4707409.478,197,497.834076
478962.5479,4704306.019,20,410.473907
478374.1649,4700069.824,15,548.180725
480482.4135,4700884.063,75,571.812744
520895.2081,4737892.834,43,434.614136
521792.3273,4735801.173,33,506.848175
521906.7397,4735551.684,28,513.584961
522047.6092,4736270.841,28,525.046936
522221.1529,4736006.123,140,524.018005
505478.2909,4733637.52,5,540.680115
523558.3827,4720319.431,28,640.255554
523939.2951,4723451.528,27,590.406677
475777.0691,4725580.848,151,482.283569
480437.5055,4731090.529,135,443.871948
482819.2063,4729612.869,36,464.628723
480351.7506,4724110.459,1,456.017914
483420.4547,4735629.371,58,507.338654
477411.9212,4723746.193,24,368.12738
476243.3235,4726825.389,60,490.566193
479039.7042,4727562.814,10,451.391449
479399.8885,4728567.294,47,409.635986
490567.2006,4738888.628,3,554.244141
498044.5126,4738879.368,16,395.515137
493877.5932,4737478.331,18,508.199188
489554.4767,4742085.716,75,422.103943
492681.6195,4738682.478,107,526.467285
502637.2939,4720745.679,90,401.378143
498032.1246,4719264.908,58,451.493713
503098.0668,4719058.661,16,379.819794
493591.0519,4724902.95,0,559.540833
496785.886,4723580.566,40,430.424438
495121.3277,4716373.115,70,372.030396
496803.1994,4721634.245,84,527.01593
502813.0519,4719749.461,120,401.357849
494179.3278,4720766.127,190,487.071106
502910.1922,4721652.626,13,382.983154
498156.8451,4725723.792,20,474.837524
496087.308,4720033.767,24,439.112396
502569.1636,4726374.854,150,389.207886
488198.995,4707294.652,170,457.556732
491856.8947,4711419.464,23,473.362274
493745.4907,4709366.362,103,349.368011
485614.5459,4710979.245,54,485.812256
491172.5781,4709464.767,175,430.428375
485768.9126,4709516.902,12,521.788574
492893.6135,4706110.032,88,445.489655
491790.6651,4711336.262,23,462.429169
488158.1083,4711424.778,132,453.585236
490570.6383,4704595.259,15,358.100677
509834.2243,4713904.628,51,487.61908
505368.2815,4705368.218,17,378.836639
515465.8935,4709306.708,256,584.229065
509794.8559,4709484.567,30,390.200317
515520.5157,4709362.35,213,585.230042
515602.4266,4709455.066,42,585.801147
509875.3267,4713855.335,22,499.750519
508461.348,4710627.142,20,462.431641
514453.179,4715843.574,70,408.368744
510541.7879,4710306.118,30,512.42749
509183.6929,4709369.61,60,376.289246
515299.6923,4732899.661,145,548.71051
507272.0864,4718158.029,32,432.346008
506055.5356,4715550.49,38,355.410461
507226.8574,4724391.728,170,462.267822
507484.9589,4725665.902,40,410.63443
511579.8653,4733281.078,35,471.687531
510225.2765,4736184.59,30,398.540558
510639.6367,4732708.924,28,501.3349
508436.0597,4727653.422,64,420.066925
515835.4622,4731238.295,7,574.644714
512864.5063,4734353.691,92,498.205566
507537.0127,4728019.442,34,497.651581
509016.9362,4721842.948,33,391.577179
511419.186,4723197.498,58,401.643738
508828.4507,4719658.89,36,380.572937
504160.9573,4709105.703,102,376.646942
501478.1051,4710177.996,49,391.664276
500383.0898,4714452.881,136,492.114594
501107.8058,4715267.254,43,496.027313
500301.4559,4704644.406,78,477.946991
501025.7889,4715054.414,78,490.844574
499795.0332,4715322.689,12,518.712524
506676.7104,4711846.638,4,563.57312
496497.6866,4711825.808,30,496.264221
497891.9655,4715270.57,57,494.421509
501712.7006,4702220.276,68,389.660614
500292.3229,4704709.178,148,480.652313
500595.6597,4707596.204,60,369.437683
499619.29,4710720.709,158,487.294586
500714.4139,4706532.093,87,362.39563
503734.3789,4713361.98,10,385.649139
481135.7303,4709364.443,19,440.032471
471582.4368,4711586.88,97,350.220612
478352.6607,4710785.226,15,454.205902
477503.4676,4710538.079,90,427.913055
472448.7424,4710374.276,70,530.838501
471077.735,4711410.06,34,331.825226
485425.7544,4712302.867,117,511.065643
471618.0379,4709692.86,70,512.138672
482500.2128,4711334.926,69,365.556488
479074.0118,4711766.963,39,435.533173
481311.1571,4709283.774,20,435.027985
475310.1944,4710113.691,29,411.149597
482667.8937,4712734.85,12,395.043884
474787.0776,4707373.478,61,487.464844
479441.5139,4710350.099,112,350.609344
483311.9981,4713214.45,128,356.518707
478894.0849,4713340.586,6,432.589905
468890.9645,4708390.525,56,334.079926
475537.7586,4714502.102,136,538.091553
480991.3238,4715780.522,70,425.409729
478896.1025,4713254.215,9,432.862823
476053.32,4713960.521,10,537.687073
483995.0458,4720732.803,80,487.63382
493188.4732,4715899.735,10,452.861053
489478.6661,4719087.539,26,515.806702
485934.2641,4714578.149,20,490.749817
488536.4391,4720958.229,34,525.071472
493462.1717,4723391.666,18,552.135376
487009.5355,4715482.888,100,497.557159
491920.0558,4720620.337,90,436.846558
483871.9635,4718728.168,4,414.570679
490669.4692,4701689.622,131,335.410217
490444.1934,4703938.453,55,346.424683
498007.4061,4704530.562,22,460.219482
497658.4603,4705418.978,4,501.370087
495941.0694,4703593.802,27,412.5755
491363.0697,4697506.307,19,360.098663
493159.8139,4698300.085,34,385.922821
500274.2194,4700702.553,129,358.99118
494110.8922,4704480.33,34,515.202148
495918.5306,4704090.403,60,412.465393
485054.3114,4692156.324,10,345.384094
483558.0069,4695706.703,56,452.488098
484619.5001,4692003.048,60,327.255951
485114.0141,4702994.715,10,465.165497
483858.6512,4701183.876,39,501.994202
477069.5404,4731705.457,16,423.015839
489128.7946,4696297.269,62,332.155884
482012.9546,4701907.057,20,483.408691
487976.4977,4697344.759,41,348.113007
488324.5402,4700508.745,55,426.658234
488061.0827,4696030.672,460,326.379303
482834.2778,4703459.532,18,512.526917
481805.3053,4695828.252,102,462.847107
508024.7322,4735092.832,20,411.001892
495721.4483,4732415.195,36,541.991211
503205.5353,4732923.562,138,505.845856
498572.2296,4731578.109,50,398.096954
502916.9442,4738016.029,50,463.578278
499541.3138,4738505.873,49,394.656982
506642.7225,4730637.286,145,367.830292
506445.9439,4731932.604,17,451.999115
505378.5921,4733230.282,18,503.96817
508180.6977,4735805.547,20,372.333038
507929.768,4734670.139,28,388.170593
508128.3749,4735854.839,20,382.279877
478027.6129,4714734.372,17,520.007935
479311.2242,4720202.322,52,501.279785
478254.5401,4714412.872,41,507.184906
480454.7121,4718644.417,80,480.414001
478788.9404,4714744.344,64,448.231781
475347.316,4719283.755,60,362.617157
480186.2092,4721143.626,93,428.118683
488141.4793,4740265.012,98,400.952667
485744.1906,4742845.19,15,525.798767
481884.4988,4739174.333,59,444.165924
496025.2313,4746671.905,66,467.383759
501348.5795,4742768.874,80,427.828461
497600.909,4743423.093,196,461.003571
496079.684,4746674.958,40,463.403595
499019.2503,4741158.66,38,395.582886
518356.1393,4733354.368,30,412.892395
519064.7853,4729448.155,20,392.755585
518453.6063,4733459.503,60,391.928772
525467.5835,4733130.161,48,496.820251
524677.0391,4730425.204,60,566.372437
518377.6888,4732089.755,20,384.653046
517206.2596,4708428.643,185,585.330688
506240.4895,4740384.102,156,446.419159
512126.0139,4741999.015,190,457.258453
511375.9809,4745242.734,51,434.199097
515651.9076,4742977.774,23,413.254669
511709.929,4742359.192,92,422.687927
505527.757,4739985.583,140,494.903503
472507.6167,4689387.581,100,519.368958
475947.64,4687882.09,33,322.870026
474901.0286,4686982.043,50,388.116028
469705.5834,4685762.656,57,304.714203
470517.699,4692726.822,35,519.941772
476960.9591,4688480.134,110,315.26355
471622.4274,4685464.705,41,317.220642
478837.8058,4696286.928,43,411.317505
478359.6418,4690946.247,97,322.1651
473119.4545,4686078.763,60,328.445892
472345.9277,4694202.952,98,531.426697
470982.2227,4694464.484,25,551.360901
482274.4982,4745092.677,145,357.163452
511477.2049,4718401.214,9,628.110535
520112.1723,4725148.189,98,588.68927
515814.2936,4724578.743,150,586.4599
511838.5542,4718910.76,4,615.537048
519606.5217,4721266.415,20,591.554077
516417.8957,4723432.708,90,535.269714
517188.9997,4723681.339,2,568.657654
517175.6334,4725399.383,2,599.684998
516912.0021,4722453.022,80,472.701691
523090.0217,4715968.706,90,422.01004
527296.5269,4718392.97,11,490.955444
524943.592,4710028.229,34,473.778381
526369.8386,4720653.426,62,494.463135
520384.9287,4707413.189,40,420.378357
526545.2639,4717063.715,18,659.746582
524048.4161,4711656.762,11,567.25824
524880.9512,4705854.73,16,627.528992
533032.2793,4714701.036,105,642.805115
530970.7088,4711856.877,3,655.453674
526907.3326,4708875.783,3,643.521912
527154.9218,4712655.235,18,540.507507
527511.6779,4708924.412,2,602.053833
526617.8715,4710000.503,21,473.523438
527369.345,4710311.866,48,483.604218
456223.3448,4641843.693,1,507.749786
459508.7564,4641317.919,1,429.063629
439011.4884,4647077.109,1,329.042877
449076.8602,4637448.843,2,529.387329
421413.908,4643918.84,3,551.225769
456269.4923,4631528.606,3,620.058228
456205.3357,4643495.965,4,429.816498
421386.0757,4645523.721,4,590.511963
445960.6095,4635050.171,4,447.236145
440917.68,4632749.596,4,472.959991
432038.5182,4644796.407,4,346.659485
428379.3753,4635857.015,5,436.851624
428194.8601,4640353.75,5,355.021149
441307.2761,4646348.228,5,289.465057
432122.7172,4642069.593,5,513.28717
429623.0895,4637919.932,7,445.218262
436024.4344,4638514.64,7,481.588531
443968.5577,4633557.72,7,472.109528
459508.7564,4641317.919,8,429.063629
459508.7564,4641317.919,8,429.063629
427026.7094,4636518.105,8,496.709778
433315.5913,4633619.441,10,499.083893
455827.9705,4634646.849,10,524.862976
455943.1427,4634615.047,10,522.957642
431693.5216,4631897.067,10,520.226257
439948.1392,4646236.344,10,304.54422
429322.1336,4647198.073,10,465.983337
444953.1502,4638608.752,11,502.020569
457440.3064,4634451.615,12,509.959747
447779.5274,4640653.789,12,406.325348
437873.8818,4645946.617,12,277.551239
445381.7719,4638142.437,12,536.683105
445958.6718,4635013.545,12,443.262054
458779.8057,4638585.185,12,552.771912
432849.1219,4635566.972,12,519.811829
459670.304,4633236.19,14,602.213501
433996.8763,4637529.376,15,536.866699
456438.2031,4637255.653,15,543.135559
445949.7191,4636349.346,15,501.963593
446540.9466,4644457.044,15,293.55719
455708.1655,4637669.864,15,559.403625
459486.2452,4645512.827,16,410.533783
447278.0038,4644482.625,16,283.904938
456152.6412,4642479.233,16,514.731506
455769.9334,4636528.076,17,559.551575
431119.0515,4647334.752,17,477.588593
439441.8,4632004.722,17,429.921295
426508.0723,4635475.224,17,506.139343
447553.5427,4644418.406,17,290.5047
431599.5456,4639401.905,17,514.530884
460273.4348,4635102.548,18,525.699341
432949.6528,4641302.242,18,526.860168
450084.2748,4644209.194,18,279.821686
440681.4392,4645829.336,18,296.574066
434844.5092,4646990.885,18,468.655701
435629.537,4646022.129,19,411.791321
445846.7959,4638527.503,19,508.833984
445616.6966,4634466.531,19,457.685211
437213.7292,4633768.358,20,478.783966
452944.5104,4637904.108,20,436.044556
439138.1291,4640383.829,20,296.851685
429772.8096,4641487.253,20,341.781677
459508.7564,4641317.919,20,429.063629
437181.6241,4632008.727,20,509.515137
431121.7879,4642830.956,20,396.59613
458794.5875,4633395.53,21,605.313232
433597.2604,4649007.815,21,282.593384
457191.7982,4635224.767,22,540.783936
424053.0665,4644343.19,23,491.725372
460548.1287,4633601.007,24,607.470764
438442.2322,4638939.682,24,358.510254
441845.5492,4633825.662,24,472.268799
449396.018,4641259.451,24,398.235931
460519.765,4632676.286,25,609.876465
423926.6331,4641979.35,25,493.302429
424043.9252,4644341.067,25,492.670502
454915.645,4636194.788,26,586.466431
447943.6193,4644261.199,26,307.134857
441419.1462,4645946.462,26,280.387634
437784.1003,4635676.502,28,415.401489
428437.3155,4644004.525,28,415.973633
460145.4317,4632692.802,28,605.935791
460432.4088,4633540.582,28,606.932739
460479.0659,4633571.411,28,605.414307
439286.0686,4646920.413,30,274.349976
441124.1993,4638146.401,30,428.498871
438464.2663,4631691.088,30,467.721252
420773.9703,4644296.831,30,545.655518
438012.9175,4635457.987,30,363.350739
445879.6754,4636195.541,30,499.267059
443773.5944,4638093.89,30,513.627197
429725.3416,4632049.434,30,499.053864
456048.2115,4636711.776,31,537.829102
460195.6146,4632759.14,32,605.170166
442138.3798,4648984.08,34,372.885284
436568.1491,4635943.719,34,482.871185
437167.5093,4632008.852,34,510.042847
420697.1073,4643649.196,35,524.883179
444910.818,4648015.979,35,321.247406
450824.7302,4638010.594,35,483.039337
431226.9397,4632251.319,35,504.537964
436270.0485,4647580.881,36,422.782349
430150.5064,4649446.217,36,459.015961
447252.9162,4644676.012,36,288.995209
456103.7406,4642347.407,36,517.956787
460199.2021,4632955.642,36,611.365173
424052.1545,4644335.427,37,492.711914
444017.4391,4648923.476,38,436.039398
451064.0701,4643253.039,39,367.777954
428997.4597,4635418.887,40,418.849762
440320.573,4634020.365,40,433.865326
445670.6574,4645110.982,40,293.805847
450589.6162,4637364.901,40,492.197174
420751.443,4644358.156,40,549.203064
451209.3324,4640259.693,42,423.255219
437190.5911,4631989.772,42,508.50885
446073.7666,4636731.472,43,496.63739
445787.6884,4645567.553,43,278.104797
439356.8199,4632264.155,43,408.226013
431285.589,4638243.467,45,478.202972
446765.5642,4648323.824,45,471.015717
439878.3826,4633558.845,46,368.734283
446039.7445,4633334.108,46,498.665344
437824.8095,4648291.057,47,266.082642
449150.2085,4643064.394,48,357.417664
424499.7392,4637377.251,48,448.253326
433783.1756,4641757.461,49,445.467987
444644.4188,4633359.241,49,522.88385
442935.6049,4645626.542,50,280.328186
455424.9128,4640263.115,50,460.07547
422348.6091,4636660.853,50,515.604675
433267.6605,4633465.548,50,495.581482
420841.3941,4644172.822,50,540.204041
437789.5614,4633640.059,51,496.10437
440729.593,4646137.616,51,283.72879
438922.8518,4639459.631,51,313.454712
431847.6258,4634466.107,52,488.052002
450572.0619,4641405.515,55,356.629303
444665.3715,4634026.389,56,448.470184
446283.1774,4634681.322,57,466.301453
446949.3379,4637421.075,57,467.560608
430149.8502,4649379.599,59,451.165497
432590.6756,4647166.277,60,326.772949
432756.9646,4647750.988,60,293.820312
429752.4054,4639421.013,60,370.721588
429784.8501,4640438.922,60,380.601807
430382.9969,4637995.739,60,367.640289
432977.8426,4634516.457,60,540.310181
428793.8091,4633477.744,60,460.79248
445819.5961,4637460.673,61,505.903625
435305.6433,4644581.574,62,417.139435
444044.8505,4637351.153,62,471.820038
438891.0183,4646461.887,62,267.114227
457257.5355,4634700.307,63,499.733307
434958.8325,4646897.674,65,471.140228
445475.7169,4634483.153,68,462.682983
457141.985,4634669.913,68,505.067169
444531.1787,4634702.517,69,431.156067
450816.2161,4640139.154,69,412.909271
450024.4145,4648656.542,69,293.121887
432169.049,4646399.679,70,301.530823
428301.4318,4644093.617,70,412.809692
455132.288,4634096.04,70,578.372864
441544.9306,4647333.384,70,332.700714
435054.6306,4642238.74,70,405.170135
435715.8665,4644114.821,70,358.271118
428168.6055,4646451.243,71,530.65625
432911.9553,4642228.659,71,487.921539
429668.9196,4640960.842,73,334.108612
437958.5587,4647764.676,78,270.028015
427133.8303,4647204.656,79,419.969696
448427.4407,4644226.58,80,329.810699
438510.202,4631721.782,80,461.565704
430968.226,4648354.456,80,349.340271
421021.9776,4643862.112,80,540.381958
436574.5667,4644847.726,80,311.10733
424095.3138,4636178.981,80,517.537354
454628.3008,4645387.869,81,310.103241
433782.0251,4634231.347,81,524.653076
439198.7823,4639426.178,82,306.71991
438467.4185,4648068.931,83,277.072601
457013.8018,4636397.215,85,554.295837
436575.1121,4644908.791,86,308.303223
437577.1749,4646226.814,86,274.869995
451810.8548,4637233.284,86,477.970093
437865.0073,4635532.559,87,384.20694
425384.6034,4642785.604,88,416.114532
422005.2956,4636911.117,88,529.810059
424004.4076,4644908.915,90,487.626404
445052.5063,4636541.639,90,480.468292
438082.9258,4646160.204,90,272.620544
441439.7325,4639389.615,91,480.994751
454160.5566,4641352.606,95,451.79306
444656.0577,4633361.371,96,523.453857
451163.7371,4640383.253,98,417.339539
449370.6237,4644096.548,100,278.77298
420729.2752,4644451.68,100,551.874878
420756.2612,4644790.061,102,553.476318
450733.2854,4638103.383,103,481.056061
439511.4848,4647021.753,104,289.395081
445930.3007,4633790.173,105,441.306183
423961.0754,4644964.9,106,486.760834
453229.4871,4640743.549,108,370.487762
451756.9978,4649332.962,108,346.867889
429095.5075,4645496.97,110,444.469299
445838.3907,4633820.85,110,439.389313
438134.6324,4641532.833,110,405.413422
445300.6877,4634064.788,110,446.310699
436027.4757,4642909.469,113,348.821228
420924.468,4643369.054,115,526.410095
450572.2257,4644766.503,116,277.69397
448197.2194,4647436.049,117,408.151123
445515.7324,4633854.398,120,441.201447
445329.8061,4633640.417,120,461.75705
435396.7855,4644395.311,121,392.421509
428816.1326,4633385.359,122,462.360321
450037.7829,4636406.099,122,514.054688
431478.2717,4634469.649,122,464.431854
429699.3188,4641519.07,125,350.048309
438556.0211,4643754.358,125,314.468506
438836.8865,4640169.892,127,318.841614
447697.6288,4645975.161,130,431.546906
433287.9144,4640497.365,140,488.323364
449389.9267,4643664.488,141,310.771393
444566.7255,4649252.271,142,385.769531
451870.8305,4649507.623,146,339.93808
445699.7696,4633821.904,150,449.71701
428821.9757,4633970.473,150,449.365173
424571.4155,4644132.24,150,476.782135
445999.9396,4634325.936,152,448.2341
450338.5095,4637644.23,153,487.133301
425552.4603,4638304.456,158,466.245697
446260.6418,4634774.76,160,460.888885
454903.3933,4641592.128,160,442.459137
421650.2274,4642343.864,160,509.959259
423196.7553,4640507.01,160,432.63736
432313.3358,4644670.529,167,363.907867
445951.6055,4634300.764,168,446.441284
426007.7679,4638287.494,170,426.989166
429265.3662,4643744.172,170,387.82489
433986.2402,4648256.889,173,363.347137
436598.5261,4647530.192,178,371.339661
450844.7613,4637547.449,180,506.744812
445983.324,4634652.499,182,437.890808
428294.6455,4644406.82,189,438.45752
431153.7868,4646131.852,190,376.765808
431570.9997,4639280.037,192,506.425873
431442.9475,4648355.405,196,356.845551
430832.9455,4646289.316,200,398.746765
424250.2902,4644258.913,200,493.285431
440582.8595,4634017.063,202,451.101349
423937.7608,4645187.234,205,506.632935
428103.8289,4644390.982,208,434.848816
445081.0266,4634320.744,209,430.770508
444125.3311,4635870.435,214,479.170959
421691.7962,4644009.047,225,532.855225
423982.1874,4645001.318,230,491.626892
431848.21,4634527.172,236,486.794312
445340.0754,4634546.371,237,461.894928
443268.3311,4635383.107,260,433.754822
421306.8747,4642563.08,277,526.6698
432158.5242,4635384.751,278,504.669861
455969.8497,4638932.89,288,506.543488
