Lat,Lon,Depth,Elevation
-75.44583,41.8625,2,629.274719
-75.441,41.85583,3,632.117798
-75.40139,41.87417,3,544.756104
-75.40194,41.87361,4,537.386597
-75.39417,41.91083,5,563.784729
-75.39611,41.91472,6,588.694885
-75.41833,41.85333,8,604.872986
-75.41694,41.85361,10,605.49469
-75.44028,41.85722,13,624.37854
-75.45694,41.90194,15,421.03891
-75.45833,41.91889,18,582.220032
-75.44,41.85917,18,618.972595
-75.44528,41.86389,23,626.421753
-75.42972,41.84111,23,627.558899
-75.44111,41.85539,25,634.118286
-75.43852,41.85713,25,626.473511
-75.47287,41.84453,27,606.790527
-75.47287,41.84393,28,609.020386
-75.47341,41.89908,30,397.546631
-75.4725,41.84806,30,604.183716
-75.44556,41.86222,31,626.661865
-75.38972,41.9075,34,565.752747
-75.39917,41.87833,35,579.029236
-75.44222,41.85722,35,620.821655
-75.44472,41.85639,36,625.740723
-75.4475,41.85861,37,629.901367
-75.47222,41.84722,40,604.903259
-75.4725,41.84972,40,605.98645
-75.44306,41.85667,40,624.132935
-75.42889,41.8425,40,636.097412
-75.39389,41.91083,50,562.858276
-75.47183,41.84787,51,608.349609
-75.40083,41.87222,53,537.060852
-75.41556,41.85278,57,613.56543
-75.47306,41.84417,70,609.053101
-75.47167,41.84639,70,605.46936
-75.45556,41.85833,70,610.74054
-75.39556,41.88583,80,556.748779
-75.3975,41.86889,85,538.615234
-75.47333,41.9025,101,394.386566
-75.4692,41.8932,112,443.120636
-75.47389,41.89889,112,397.103607
-75.44639,41.86167,134,630.905762
-75.66613681,42.22815818,1,491.794434
-75.65872015,42.20338041,10,405.723206
-75.59199795,42.15693597,232,290.633026
-75.59644239,42.15799153,149,284.98056
-75.54699796,42.1450193,60,507.318176
-75.55241463,42.14963041,210,476.848267
-75.63552571,42.17138041,110,372.085876
-75.61485905,42.19024152,27,293.940826
-75.66749792,42.18660263,10,453.678864
-75.69774791,42.14885264,10,462.104034
-75.65227571,42.1256582,8,290.432678
-75.62980349,42.18143597,73,318.973083
-75.62372016,42.17971374,55,298.548309
-75.63497016,42.14904708,40,413.710968
-75.69060902,42.19963041,15,475.006531
-75.54360908,42.1447693,40,537.488525
-75.65013682,42.16282486,5,439.529388
-75.54772019,42.14665819,80,495.768036
-75.66460903,42.22768596,3,462.018616
-75.62519238,42.17599152,90,324.322266
-75.67288681,42.14599153,5,433.465149
-75.66591459,42.15274153,60,457.855255
-75.65380348,42.19929707,124,368.876495
-75.68599792,42.20596374,10,479.070282
-75.71747013,42.14982486,70,431.992676
-75.68363681,42.16590819,5,453.984375
-75.70310902,42.19443597,30,496.724579
-75.70674791,42.19774152,12,510.380188
-75.63938682,42.13479709,45,333.515381
-75.69808125,42.1790193,4,475.123566
-75.62802572,42.13929709,70,342.78479
-75.66672015,42.13757487,70,411.372406
-75.62372016,42.17996374,63,298.915466
-75.62335905,42.18046374,65,299.310364
-75.63274794,42.12801931,60,286.151001
-75.64030349,42.13082487,48,303.579498
-75.68355348,42.12518598,6,383.257111
-75.5731924,42.12893597,85,412.616272
-75.53855352,42.13665819,40,507.742859
-75.60233128,42.13479709,100,289.8302
-75.68455347,42.16693597,6,457.057159
-75.70808124,42.2007693,7,530.354309
-75.59324795,42.1216582,110,300.610046
-75.59638684,42.12426931,230,302.581604
-75.57302573,42.1376582,30,463.063629
-75.62010905,42.13654709,180,354.242889
-75.68497014,42.16746375,3,459.624146
-75.79438678,42.01210267,90,290.810242
-75.77288679,42.00776934,60,263.12027
-75.82302566,42.01699156,50,409.216156
-75.77863679,42.011186,75,263.976746
-75.76230346,42.01757489,18,413.023651
-75.76816457,42.03910267,136,436.017548
-75.5492202,42.01732488,50,483.644867
-75.73758125,42.00171378,70,407.148621
-75.63338683,42.02615822,13,307.820068
-75.72388681,42.01471378,38,384.993866
-75.61174795,42.11521376,126,301.714172
-75.72230347,42.06471377,26,505.473724
-75.73610902,42.06749155,40,489.000122
-75.6784146,42.001936,10,429.026459
-75.68008126,42.03429711,50,448.725037
-75.64608127,42.11557487,57,293.130402
-75.7318868,42.02215822,105,343.99646
-75.72422014,42.02185267,8,428.910553
-75.67385904,42.0515471,130,502.203094
-75.6536646,42.04771377,50,461.92627
-75.6546646,42.03638044,140,425.292389
-75.65102572,42.04663044,15,467.093231
-75.66280349,42.04632488,50,460.834259
-75.62191462,42.00865822,125,296.202026
-75.7238868,42.04554711,63,414.844299
-75.66263682,42.0460471,30,457.479431
-75.69635903,42.06390821,95,527.215698
-75.63769239,42.032936,68,405.702148
-75.67505348,42.08438043,80,360.39975
-75.66694238,42.00824156,50,496.510773
-75.62783128,42.05388043,130,306.793182
-75.72491458,42.03915822,125,384.377991
-75.69410903,42.044186,10,511.974579
-75.72266458,42.05896377,110,483.962372
-75.73877568,42.11540821,8,549.823975
-75.74105346,42.07101933,75,480.206818
-75.71499792,42.00826934,72,395.371246
-75.58855351,42.08218598,30,382.724976
-75.70985903,42.05576933,138,511.966522
-75.69833125,42.05443599,5,566.171021
-75.7231368,42.11988043,10,474.535156
-75.74863679,42.07735266,150,480.763123
-75.66185904,42.04371377,80,451.84024
-75.6235535,42.09885265,42,337.720856
-75.61938684,42.05913043,165,286.554718
-75.72108125,42.05960266,80,485.927338
-75.73841458,42.00351934,64,415.696228
-75.71855347,42.03904711,46,422.742249
-75.63058127,42.12271376,18,349.374908
-75.57613685,42.10813042,80,502.623718
-75.63655349,42.10129709,58,285.136841
-75.62702572,42.08276932,12,333.817535
-75.42694244,42.22276928,200,515.565979
-75.61055349,42.22615818,20,424.271881
-75.51366464,42.2021304,40,408.505432
-75.47091465,42.25701928,50,300.588837
-75.46213687,42.27260261,25,307.292023
-75.50824796,42.30701927,100,408.676788
-75.45083132,42.30638038,98,315.273865
-75.36355354,42.7103803,95,430.986267
-75.36247021,42.6407692,16,443.293884
-75.3421091,42.66568587,38,413.533295
-75.38999797,42.72082475,5,501.168396
-75.39780353,42.73232474,18,521.21814
-75.62013682,42.23476929,50,371.217499
-75.6402757,42.27029706,3,422.461731
-75.59135905,42.33665816,7,497.619263
-75.60533127,42.29393594,25,484.618195
-75.37930355,42.41846369,253,310.40863
-75.45458131,42.37649148,15,456.589783
-75.51322018,42.34332482,1,479.770996
-75.40649799,42.42599147,95,465.078888
-75.48816464,42.3341026,80,432.02417
-75.45719242,42.38488037,100,489.787292
-75.44502574,42.582297,86,542.208496
-75.43163686,42.557297,32,481.933594
-75.40313687,42.56626922,79,391.895691
-75.39077576,42.53149145,60,326.221313
-75.41030353,42.62029699,15,494.929596
-75.39494243,42.60343588,43,406.560242
-75.38916465,42.64249143,32,471.8815
-75.44563686,42.48999146,80,445.358459
-75.42152576,42.48874146,200,423.540527
-75.46413686,42.4698248,50,502.305298
-75.55274795,42.33896371,3,497.403137
-75.56788683,42.35338038,15,502.984711
-74.99483146,42.43099145,13,512.208252
-74.78416485,42.48049143,139,549.383179
-74.89749815,42.46249144,20,386.203918
-74.8533315,42.49682477,17,565.679932
-74.89138704,42.48749144,90,544.636536
-74.81566484,42.4746581,42,400.379669
-74.86774816,42.45871366,27,501.783722
-74.82549817,42.50249143,17,578.86499
-74.93366481,42.40782479,73,632.300415
-75.02566478,42.40082479,19,540.202759
-75.1938314,42.34599147,6,547.981995
-75.19902584,42.30618593,45,518.964661
-75.13063698,42.27874148,10,606.400146
-75.1943314,42.35265814,13,566.889832
-75.09933143,42.35110258,67,441.256378
-75.04452589,42.3768248,44,592.988403
-75.16177585,42.33035259,40,458.461365
-75.19949807,42.27432482,95,564.278381
-75.04566478,42.31799147,41,599.251343
-75.10508142,42.3550748,32,440.223938
-75.15258141,42.27979704,108,612.687744
-75.09222032,42.30526926,48,583.679016
-75.0754981,42.39138035,76,406.334198
-75.04216478,42.33265814,75,510.595886
-75.12847031,42.34282481,120,446.542053
-74.71749821,42.50065809,3,630.917542
-74.66849823,42.45199144,125,578.692261
-74.76466486,42.49432476,3,608.420471
-74.69744266,42.44582477,18,561.288391
-74.64030379,42.43985255,15,651.241272
-74.684276,42.45760255,4,640.030762
-74.68294267,42.44629699,15,553.426392
-74.69533155,42.49549143,48,598.113464
-74.75883153,42.47282477,40,540.549255
-74.75416487,42.44049144,42,468.977875
-74.72999821,42.42949144,48,493.552185
-74.84099817,42.39949145,93,563.58728
-74.86035928,42.42843589,30,534.223938
-74.75466487,42.44482477,50,446.175812
-74.79366485,42.44165811,31,588.94989
-74.8628315,42.42932478,73,529.436401
-75.36999801,42.23285261,46,416.459106
-75.35547024,42.23190817,10,534.92511
-75.35710913,42.27901927,40,528.756531
-75.28499804,42.26582483,75,571.714844
-75.33913691,42.26860261,107,500.071045
-75.37027579,42.23454706,85,419.299072
-75.38485912,42.27015816,40,495.013794
-74.9751648,42.39149146,45,511.627197
-75.02683145,42.34549147,130,495.447266
-74.99833146,42.37715813,93,478.499054
-74.99816479,42.3468248,121,533.446106
-74.95197036,42.3776859,20,668.268127
-74.97005369,42.36996368,86,545.857544
-75.25469249,42.30776926,47,540.676025
-75.32097025,42.29976927,30,359.001953
-75.36747023,42.30143593,5,471.850739
-75.25669249,42.34099148,10,350.718536
-75.27777582,42.28007482,20,560.141296
-75.24610916,42.32365815,0,585.786377
-75.24249805,42.31193593,7,542.916687
-75.26413693,42.31718593,14,561.011292
-75.30588692,42.27582483,14,566.073425
-75.405498,42.30168594,22,310.639069
-75.2123314,42.2518526,57,650.155396
-75.04599807,42.91435248,10,476.184326
-75.01616475,42.92382469,77,474.820831
-74.99613698,42.87851915,3,455.297028
-75.01899808,42.92549136,78,475.484619
-75.00566475,42.90165803,0,459.604034
-75.17708136,42.95782469,42,398.136505
-74.78397038,42.87013025,21,449.823761
-74.97794254,42.86960248,80,416.377289
-74.95869255,42.87729692,28,444.708984
-74.89933146,42.8433247,97,440.040131
-74.931387,42.90665803,85,457.261658
-75.13669249,42.92346359,45,402.680206
-75.14266471,42.88824137,25,379.118835
-75.31930355,42.75413029,7,419.856018
-75.25394245,42.83390805,30,372.023224
-75.32977576,42.82507472,39,464.300873
-75.29805355,42.77971362,4,470.24762
-75.27102578,42.84674138,140,451.062347
-75.28302578,42.77613029,18,413.682739
-75.37616464,42.82840806,20,485.997711
-75.31083133,42.79360251,12,518.436157
-75.274998,42.80888028,12,489.082428
-75.28638689,42.77304695,10,422.76181
-75.28263689,42.77735251,13,411.827026
-75.28208133,42.93265804,50,463.433594
-75.247498,42.93249137,56,389.146271
-75.26138689,42.89138027,132,446.056396
-75.1088314,42.74665806,35,495.133942
-75.16799804,42.7609914,30,395.571686
-75.19910914,42.76854695,5,511.628845
-75.12391473,42.7234914,72,465.975739
-75.1449425,42.73765807,133,515.024536
-75.19380359,42.70179696,75,380.943115
-75.20010915,42.66565808,184,533.419189
-75.14580361,42.73629696,57,499.914764
-75.27516469,42.48349145,48,410.223877
-75.35988689,42.4614359,25,418.160339
-75.36191467,42.48085257,7,504.238708
-75.31772023,42.50421367,14,456.400269
-75.34291467,42.518547,197,497.834076
-75.25599803,42.49082478,20,410.473907
-75.26299803,42.45265812,15,548.180725
-75.23738693,42.46004701,75,571.812744
-74.74449818,42.79329693,43,434.614136
-74.73360929,42.77443582,33,506.848175
-74.7322204,42.77218582,28,513.584961
-74.7304704,42.77865804,28,525.046936
-74.7283593,42.77626915,140,524.018005
-74.93305367,42.75524139,5,540.680115
-74.71266487,42.63496362,28,640.255554
-74.70788709,42.66315806,27,590.406677
-75.29566467,42.68232475,151,482.283569
-75.23897024,42.73207474,135,443.871948
-75.20983137,42.71882474,36,464.628723
-75.2397758,42.66921364,1,456.017914
-75.2026647,42.77301917,58,507.338654
-75.2756369,42.66585253,24,368.12738
-75.29002579,42.69354697,60,490.566193
-75.25591468,42.70026919,10,451.391449
-75.25155357,42.70932474,47,409.635986
-75.11535917,42.80249139,3,554.244141
-75.02391475,42.80246361,16,395.515137
-75.07485918,42.78982472,18,508.199188
-75.12780361,42.83126916,75,422.103943
-75.08949807,42.80065805,107,526.467285
-74.96783145,42.63915808,90,401.378143
-75.0239981,42.62582475,58,451.493713
-74.96222034,42.62396364,16,379.819794
-75.0782203,42.67657474,0,559.540833
-75.03922031,42.66468585,40,430.424438
-75.05947031,42.5997692,70,372.030396
-75.03899809,42.64715808,84,527.01593
-74.96569256,42.63018586,120,401.357849
-75.07099808,42.63932475,190,487.071106
-74.96449812,42.64732474,13,382.983154
-75.0224981,42.6839914,20,474.837524
-75.04772031,42.63274142,24,439.112396
-74.968637,42.68985251,150,389.207886
-75.14366473,42.51793589,170,457.556732
-75.09919252,42.55513032,23,473.362274
-75.07616476,42.5366581,103,349.368011
-75.17522028,42.55107477,54,485.812256
-75.10749808,42.53751921,175,430.428375
-75.17330361,42.5379081,12,521.788574
-75.08649809,42.50732477,88,445.489655
-75.09999808,42.55438032,23,462.429169
-75.14424806,42.55513032,132,453.585236
-75.11474808,42.49365811,15,358.100677
-74.88016482,42.57749142,51,487.61908
-74.9346648,42.5006581,17,378.836639
-74.81166484,42.53599142,256,584.229065
-74.88072037,42.53768587,30,390.200317
-74.81099817,42.53649142,213,585.230042
-74.80999817,42.53732476,42,585.801147
-74.87966482,42.57704698,22,499.750519
-74.89694259,42.54799143,20,462.431641
-74.8238315,42.5948803,70,408.368744
-74.87160926,42.54507476,30,512.42749
-74.88816482,42.53665809,60,376.289246
-74.81305371,42.74846361,145,548.71051
-74.91133147,42.61582475,32,432.346008
-74.92619258,42.59235253,38,355.410461
-74.91180369,42.67196363,170,462.267822
-74.90863702,42.68343585,40,410.63443
-74.85849814,42.75196361,35,471.687531
-74.87499814,42.77813027,30,398.540558
-74.86999814,42.74682472,28,501.3349
-74.89699814,42.70132473,64,420.066925
-74.80655372,42.73349139,7,574.644714
-74.84277593,42.76160249,92,498.205566
-74.90797035,42.70463029,34,497.651581
-74.88999814,42.64899141,33,391.577179
-74.86066482,42.66115807,58,401.643738
-74.89233148,42.62932474,36,380.572937
-74.94933146,42.53432476,102,376.646942
-74.98199812,42.54399143,49,391.664276
-74.99533144,42.58249142,136,492.114594
-74.98649811,42.58982475,43,496.027313
-74.99633145,42.49415811,78,477.946991
-74.98749811,42.58790809,78,490.844574
-75.00249811,42.59032475,12,518.712524
-74.9186648,42.55899143,4,563.57312
-75.04266476,42.55882476,30,496.264221
-75.02569254,42.58985253,57,494.421509
-74.97916479,42.47232478,68,389.660614
-74.99644256,42.49474144,148,480.652313
-74.99274812,42.52074143,60,369.437683
-75.004637,42.54888032,158,487.294586
-74.99130367,42.5111581,87,362.39563
-74.95449812,42.57265809,10,385.649139
-75.22972026,42.53643589,19,440.032471
-75.34616467,42.55615811,97,350.220612
-75.26366469,42.54915811,15,454.205902
-75.27399802,42.54690811,90,427.913055
-75.33555356,42.54526922,70,530.838501
-75.35230355,42.554547,34,331.825226
-75.17755361,42.56299143,117,511.065643
-75.34563689,42.53910256,70,512.138672
-75.21316471,42.55421366,69,365.556488
-75.2549147,42.55801922,39,435.533173
-75.22758137,42.53571366,20,435.027985
-75.30069246,42.54301922,29,411.149597
-75.21116471,42.56682477,12,395.043884
-75.30694246,42.51832478,61,487.464844
-75.25038692,42.54526922,112,350.609344
-75.20333138,42.5711581,128,356.518707
-75.25716469,42.57218588,6,432.589905
-75.37877577,42.52726923,56,334.079926
-75.29810912,42.58254699,136,538.091553
-75.23169248,42.59421365,70,425.409729
-75.25713692,42.5714081,9,432.862823
-75.29180357,42.57768588,10,537.687073
-75.19522026,42.63888031,80,487.63382
-75.08302586,42.59549142,10,452.861053
-75.12830362,42.62415809,26,515.806702
-75.17141472,42.58349143,20,490.749817
-75.13983139,42.64099142,34,525.071472
-75.07977586,42.66296363,18,552.135376
-75.15833139,42.59165809,100,497.557159
-75.09855363,42.63799142,90,436.846558
-75.19666471,42.62082476,4,414.570679
-75.11349808,42.46749145,131,335.410217
-75.11627586,42.48774145,55,346.424683
-75.02424811,42.49313033,22,460.219482
-75.02849811,42.50113033,4,501.370087
-75.04938699,42.48468589,27,412.5755
-75.10499809,42.42982479,19,360.098663
-75.08316476,42.43699145,34,385.922821
-74.99666479,42.45865811,129,358.99118
-75.07166476,42.49265811,34,515.202148
-75.04966477,42.48915811,60,412.465393
-75.18155362,42.38154702,10,345.384094
-75.19983139,42.41349146,56,452.488098
-75.1868314,42.38015813,60,327.255951
-75.18110917,42.47915812,10,465.165497
-75.19633139,42.46282479,39,501.994202
-75.2801369,42.73751918,16,423.015839
-75.13213697,42.41890812,62,332.155884
-75.2188036,42.46929701,20,483.408691
-75.14616474,42.42832479,41,348.113007
-75.14199807,42.45682479,55,426.658234
-75.14510919,42.41649146,460,326.379303
-75.20885916,42.483297,18,512.526917
-75.22113694,42.41454702,102,462.847107
-74.90191479,42.76832472,20,411.001892
-75.05227586,42.7442414,36,541.991211
-74.96083144,42.74882472,138,505.845856
-75.01744254,42.73671362,50,398.096954
-74.96433144,42.79468583,50,463.578278
-75.0056092,42.79910249,49,394.656982
-74.91885924,42.72821362,145,367.830292
-74.92124812,42.73988028,17,451.999115
-74.9342759,42.75157472,18,503.96817
-74.89999813,42.77474138,20,372.333038
-74.90308146,42.76451916,28,388.170593
-74.90063702,42.77518583,20,382.279877
-75.2677758,42.58471366,17,520.007935
-75.25233136,42.63399142,52,501.279785
-75.26499802,42.58182477,41,507.184906
-75.23833136,42.61999143,80,480.414001
-75.25849803,42.58482477,64,448.231781
-75.3006369,42.62560254,60,362.617157
-75.24169247,42.64249142,93,428.118683
-75.1450536,42.8148525,98,400.952667
-75.17444248,42.83804694,15,525.798767
-75.22155358,42.80490806,59,444.165924
-75.04866474,42.87263026,66,467.383759
-74.9834981,42.83749138,80,427.828461
-75.02935919,42.84338026,196,461.003571
-75.04799807,42.87265804,40,463.403595
-75.01199809,42.82299138,38,395.582886
-74.77569262,42.75249138,30,412.892395
-74.76716484,42.71729694,20,392.755585
-74.77449817,42.75343583,60,391.928772
-74.68880375,42.75026916,48,496.820251
-74.69858153,42.72593583,60,566.372437
-74.77547039,42.7411025,20,384.653046
-74.79049818,42.52804698,185,585.330688
-74.92366479,42.81599138,156,446.419159
-74.85163703,42.83046359,190,457.258453
-74.86074814,42.85968581,51,434.199097
-74.80847038,42.83921359,23,413.254669
-74.85672036,42.83371359,92,422.687927
-74.932387,42.81240805,140,494.903503
-75.33383135,42.35626926,100,519.368958
-75.29199803,42.34282481,33,322.870026
-75.3046647,42.33468593,50,388.116028
-75.36766468,42.32351926,57,304.714203
-75.35816467,42.38626925,35,519.941772
-75.27972026,42.34824148,110,315.26355
-75.34438691,42.32090815,41,317.220642
-75.25722026,42.41860257,43,411.317505
-75.26283137,42.37049147,97,322.1651
-75.32624802,42.32649148,60,328.445892
-75.33602579,42.39963036,98,531.426697
-75.35260912,42.40193591,25,551.360901
-75.21697024,42.8582136,145,357.163452
-74.86005371,42.61796363,9,628.110535
-74.75452596,42.67854695,98,588.68927
-74.80699817,42.67351918,150,586.4599
-74.85563704,42.62254697,4,615.537048
-74.76083152,42.64360251,20,591.554077
-74.79966484,42.66318584,90,535.269714
-74.79024817,42.66540807,2,568.657654
-74.79035928,42.68088029,2,599.684998
-74.79366484,42.65435251,80,472.701691
-74.71855375,42.59579696,90,422.01004
-74.66716488,42.6174914,11,490.955444
-74.69622043,42.54224142,34,473.778381
-74.67835932,42.63788029,62,494.463135
-74.75183153,42.51882476,40,420.378357
-74.6763871,42.60554696,18,659.746582
-74.70705376,42.55693586,11,567.25824
-74.69716488,42.50465809,16,627.528992
-74.59744268,42.58401919,105,642.805115
-74.62272046,42.55849141,3,655.453674
-74.67235933,42.53179698,3,643.521912
-74.66916488,42.56582475,18,540.507507
-74.66499822,42.53221364,2,602.053833
-74.67583155,42.54193586,21,473.523438
-74.66666489,42.54471364,48,483.604218
-75.52799,41.92734,1,507.749786
-75.48833,41.92278,1,429.063629
-75.73611,41.97333,1,329.042877
-75.6138,41.88733,2,529.387329
-75.94806,41.94333,3,551.225769
-75.52667,41.83444,3,620.058228
-75.52833,41.94222,4,429.816498
-75.94861,41.95778,4,590.511963
-75.65114,41.86552,4,447.236145
-75.71167,41.84444,4,472.959991
-75.82,41.95222,4,346.659485
-75.86306,41.87139,5,436.851624
-75.86583,41.91187,5,355.021149
-75.70833,41.96694,5,289.465057
-75.81867,41.92767,5,513.28717
-75.84832,41.89008,7,445.218262
-75.77123,41.89598,7,481.588531
-75.675,41.85194,7,472.109528
-75.48833,41.92278,8,429.063629
-75.48833,41.92278,8,429.063629
-75.87944,41.87722,8,496.709778
-75.80333,41.85167,10,499.083893
-75.53222,41.8625,10,524.862976
-75.53083,41.86222,10,522.957642
-75.82267,41.83602,10,520.226257
-75.72472,41.96583,10,304.54422
-75.85306,41.97361,10,465.983337
-75.66361,41.8975,11,502.020569
-75.51278,41.86083,12,509.959747
-75.62972,41.91611,12,406.325348
-75.74972,41.96306,12,277.551239
-75.6584,41.89333,12,536.683105
-75.65116,41.86519,12,443.262054
-75.49693,41.89813,12,552.771912
-75.80917,41.86917,12,519.811829
-75.48583,41.85,14,602.213501
-75.79556,41.88694,15,536.866699
-75.52506,41.88603,15,543.135559
-75.65139,41.87722,15,501.963593
-75.645,41.95028,15,293.55719
-75.53389,41.88972,15,559.403625
-75.48889,41.96056,16,410.533783
-75.63611,41.95056,16,283.904938
-75.52889,41.93306,16,514.731506
-75.53306,41.87944,17,559.551575
-75.83139,41.975,17,477.588593
-75.72937,41.83762,17,429.921295
-75.88556,41.86778,17,506.139343
-75.63278,41.95,17,290.5047
-75.82467,41.9036,17,514.530884
-75.47869,41.86684,18,525.699341
-75.80861,41.92083,18,526.860168
-75.60223,41.94828,18,279.821686
-75.71583,41.96222,18,296.574066
-75.78639,41.97222,18,468.655701
-75.77681,41.96356,19,411.791321
-75.65283,41.89683,19,508.833984
-75.65523,41.86024,19,457.685211
-75.75639,41.85333,20,478.783966
-75.56722,41.89167,20,436.044556
-75.73389,41.91306,20,296.851685
-75.84694,41.92222,20,341.781677
-75.48833,41.92278,20,429.063629
-75.75659,41.83748,20,509.515137
-75.83083,41.93444,20,396.59613
-75.49639,41.85139,21,605.313232
-75.80167,41.99028,21,282.593384
-75.51583,41.86778,22,540.783936
-75.91628,41.94741,23,491.725372
-75.47528,41.85333,24,607.470764
-75.74213,41.9,24,358.510254
-75.7006,41.8542,24,472.268799
-75.61028,41.92167,24,398.235931
-75.47556,41.845,25,609.876465
-75.9175,41.92611,25,493.302429
-75.91639,41.94739,25,492.670502
-75.54333,41.87639,26,586.466431
-75.62806,41.94861,26,307.134857
-75.70694,41.96333,26,280.387634
-75.74972,41.87056,28,415.401489
-75.86335,41.94477,28,415.973633
-75.48007,41.84513,28,605.935791
-75.47667,41.85278,28,606.932739
-75.47611,41.85306,28,605.414307
-75.73278,41.97194,30,274.349976
-75.70972,41.89306,30,428.498871
-75.74111,41.83472,30,467.721252
-75.95583,41.94667,30,545.655518
-75.74694,41.86861,30,363.350739
-75.65222,41.87583,30,499.267059
-75.67778,41.89278,30,513.627197
-75.84639,41.83722,30,499.053864
-75.52972,41.88111,31,537.829102
-75.47947,41.84573,32,605.170166
-75.69856,41.99074,34,372.885284
-75.7644,41.87287,34,482.871185
-75.75676,41.83748,34,510.042847
-75.95667,41.94083,35,524.883179
-75.665,41.98222,35,321.247406
-75.59278,41.8925,35,483.039337
-75.82833,41.83917,35,504.537964
-75.76925,41.97765,36,422.782349
-75.84333,41.99393,36,459.015961
-75.63643,41.9523,36,288.995209
-75.52947,41.93187,36,517.956787
-75.47944,41.8475,36,611.365173
-75.91629,41.94734,37,492.711914
-75.67587,41.99033,38,436.039398
-75.59033,41.93973,39,367.777954
-75.85556,41.8675,40,418.849762
-75.71899,41.85584,40,433.865326
-75.65556,41.95611,40,293.805847
-75.59556,41.88667,40,492.197174
-75.95611,41.94722,40,549.203064
-75.58833,41.91278,42,423.255219
-75.75648,41.83731,42,508.50885
-75.64993,41.88067,43,496.63739
-75.65419,41.96023,43,278.104797
-75.73042,41.83995,43,408.226013
-75.82832,41.89314,45,478.202972
-75.64264,41.98512,45,471.015717
-75.72427,41.85165,46,368.734283
-75.65003,41.85007,46,498.665344
-75.75056,41.98417,47,266.082642
-75.6134,41.93791,48,357.417664
-75.91,41.88472,48,448.253326
-75.79861,41.925,49,445.467987
-75.66684,41.8502,49,522.88385
-75.68861,41.96056,50,280.328186
-75.5375,41.91306,50,460.07547
-75.93583,41.87806,50,515.604675
-75.80389,41.85028,50,495.581482
-75.955,41.94556,50,540.204041
-75.74944,41.85222,51,496.10437
-75.71528,41.965,51,283.72879
-75.73639,41.90472,51,313.454712
-75.82111,41.85917,52,488.052002
-75.59611,41.92306,55,356.629303
-75.66665,41.85621,56,448.470184
-75.64722,41.86222,57,466.301453
-75.63944,41.88694,57,467.560608
-75.84333,41.99333,59,451.165497
-75.81361,41.97361,60,326.772949
-75.81167,41.97889,60,293.820312
-75.84694,41.90361,60,370.721588
-75.84667,41.91278,60,380.601807
-75.83917,41.89083,60,367.640289
-75.8075,41.85972,60,540.310181
-75.85778,41.85,60,460.79248
-75.65306,41.88722,61,505.903625
-75.78056,41.95056,62,417.139435
-75.67444,41.88611,62,471.820038
-75.7375,41.96778,62,267.114227
-75.515,41.86306,63,499.733307
-75.785,41.97139,65,471.140228
-75.65693,41.86038,68,462.682983
-75.51639,41.86278,68,505.067169
-75.66833,41.86229,69,431.156067
-75.59306,41.91167,69,412.909271
-75.60333,41.98833,69,293.121887
-75.81861,41.96667,70,301.530823
-75.865,41.94556,70,412.809692
-75.54056,41.8575,70,578.372864
-75.70556,41.97583,70,332.700714
-75.78333,41.92944,70,405.170135
-75.77556,41.94639,70,358.271118
-75.86689,41.96678,71,530.65625
-75.80917,41.92917,71,487.921539
-75.84813,41.91747,73,334.108612
-75.74889,41.97944,78,270.028015
-75.87947,41.97347,79,419.969696
-75.62222,41.94833,80,329.810699
-75.74056,41.835,80,461.565704
-75.83333,41.98417,80,349.340271
-75.95278,41.94278,80,540.381958
-75.76528,41.95306,80,311.10733
-75.91472,41.87389,80,517.537354
-75.5475,41.95917,81,310.103241
-75.79778,41.85722,81,524.653076
-75.73306,41.90444,82,306.71991
-75.74278,41.98222,83,277.072601
-75.51806,41.87833,85,554.295837
-75.76528,41.95361,86,308.303223
-75.75333,41.96556,86,274.869995
-75.58083,41.88556,86,477.970093
-75.74873,41.86927,87,384.20694
-75.90002,41.93351,88,416.114532
-75.94,41.88028,88,529.810059
-75.91694,41.9525,90,487.626404
-75.66222,41.87889,90,480.468292
-75.74722,41.965,90,272.620544
-75.70604,41.90428,91,480.994751
-75.55283,41.9228,95,451.79306
-75.6667,41.85022,96,523.453857
-75.58889,41.91389,98,417.339539
-75.61083,41.94722,100,278.77298
-75.95639,41.94806,100,551.874878
-75.95611,41.95111,102,553.476318
-75.59389,41.89333,103,481.056061
-75.73007,41.97287,104,289.395081
-75.65139,41.85417,105,441.306183
-75.91747,41.953,106,486.760834
-75.56401,41.91726,108,370.487762
-75.58247,41.99453,108,346.867889
-75.85559,41.95827,110,444.469299
-75.6525,41.85444,110,439.389313
-75.74611,41.92333,110,405.413422
-75.659,41.8566,110,446.310699
-75.77167,41.93556,113,348.821228
-75.95389,41.93833,115,526.410095
-75.59639,41.95333,116,277.69397
-75.62528,41.97722,117,408.151123
-75.65639,41.85472,120,441.201447
-75.65861,41.85278,120,461.75705
-75.77944,41.94889,121,392.421509
-75.8575,41.84917,122,462.360321
-75.60213,41.878,122,514.054688
-75.82556,41.85917,122,464.431854
-75.84783,41.9225,125,350.048309
-75.74126,41.94337,125,314.468506
-75.7375,41.91111,127,318.841614
-75.63118,41.96403,130,431.546906
-75.80444,41.91361,140,488.323364
-75.61056,41.94333,141,310.771393
-75.66927,41.99333,142,385.769531
-75.58111,41.99611,146,339.93808
-75.65417,41.85444,150,449.71701
-75.8575,41.85444,150,449.365173
-75.91,41.94556,150,476.782135
-75.6506,41.859,152,448.2341
-75.59861,41.88917,153,487.133301
-75.89743,41.89317,158,466.245697
-75.6475,41.86306,160,460.888885
-75.54389,41.925,160,442.459137
-75.945,41.92917,160,509.959259
-75.92611,41.91278,160,432.63736
-75.81667,41.95111,167,363.907867
-75.65118,41.85877,168,446.441284
-75.89194,41.89306,170,426.989166
-75.85333,41.9425,170,387.82489
-75.79689,41.98355,173,363.347137
-75.76528,41.97722,178,371.339661
-75.5925,41.88833,180,506.744812
-75.65083,41.86194,182,437.890808
-75.86512,41.94838,189,438.45752
-75.83083,41.96417,190,376.765808
-75.825,41.9025,192,506.425873
-75.8276,41.98422,196,356.845551
-75.83472,41.96556,200,398.746765
-75.91389,41.94667,200,493.285431
-75.71583,41.85583,202,451.101349
-75.91778,41.955,205,506.632935
-75.86742,41.94822,208,434.848816
-75.66167,41.85889,209,430.770508
-75.67333,41.87278,214,479.170959
-75.94472,41.94417,225,532.855225
-75.91722,41.95333,230,491.626892
-75.82111,41.85972,236,486.794312
-75.65857,41.86094,237,461.894928
-75.68361,41.86833,260,433.754822
-75.94917,41.93111,277,526.6698
-75.81747,41.86747,278,504.669861
-75.53083,41.90111,288,506.543488
